Barcode,Cluster
AAACCTGAGAGAGCTC-1,1
AAACCTGAGGCTAGGT-1,2
AAACCTGTCATAACCG-1,1
AAACCTGTCCGAACGC-1,5
AAACGGGAGAAACGCC-1,1
AAACGGGAGAACTCGG-1,3
AAACGGGAGGAGTTGC-1,1
AAACGGGCATTCACTT-1,1
AAACGGGGTACTCTCC-1,1
AAACGGGGTCTCTCGT-1,2
AAAGATGGTAACGCGA-1,2
AAAGATGGTAATTGGA-1,1
AAAGATGGTGACGGTA-1,2
AAAGATGGTGCTGTAT-1,1
AAAGATGTCACTTACT-1,2
AAAGATGTCATTATCC-1,2
AAAGCAAAGATGTCGG-1,1
AAAGCAACAGGACGTA-1,1
AAAGCAAGTAATAGCA-1,2
AAAGCAATCTGGGCCA-1,2
AAAGTAGAGCAGATCG-1,1
AAAGTAGAGCCTATGT-1,1
AAAGTAGAGTACATGA-1,2
AAAGTAGAGTTAGCGG-1,1
AAAGTAGCAGACGCCT-1,2
AAAGTAGCATCCAACA-1,3
AAAGTAGCATTCCTCG-1,3
AAAGTAGGTAGAGTGC-1,1
AAAGTAGGTCAGATAA-1,1
AAAGTAGGTCCAAGTT-1,2
AAAGTAGGTCCAGTTA-1,2
AAAGTAGGTTGTCTTT-1,2
AAAGTAGTCTGCTTGC-1,2
AAATGCCAGAGGTTGC-1,1
AAATGCCGTAGAGCTG-1,2
AAATGCCGTGTGACGA-1,1
AAATGCCGTTACGACT-1,2
AAATGCCTCCAAAGTC-1,2
AAATGCCTCCAGTAGT-1,1
AACACGTAGATGTCGG-1,1
AACACGTAGCTAGTGG-1,2
AACACGTAGTAATCCC-1,1
AACACGTGTAAGTGTA-1,2
AACACGTGTACAAGTA-1,1
AACACGTGTCTGATTG-1,1
AACACGTGTGCTTCTC-1,4
AACACGTTCTGCAGTA-1,1
AACCATGAGCCCTAAT-1,1
AACCATGAGGCTCATT-1,1
AACCATGAGTTACCCA-1,1
AACCATGCAGCTGTTA-1,1
AACCATGCAGGGCATA-1,1
AACCATGGTCATATGC-1,2
AACCATGGTCCGAACC-1,2
AACCATGTCCAGGGCT-1,1
AACCATGTCTCATTCA-1,1
AACCGCGAGGGCATGT-1,2
AACCGCGCACCCTATC-1,1
AACCGCGCACGTCAGC-1,2
AACCGCGCAGCTCGCA-1,1
AACCGCGGTAAGGATT-1,2
AACCGCGGTTCCACAA-1,1
AACCGCGTCAACGAAA-1,2
AACCGCGTCCGCAAGC-1,2
AACGTTGCAACTGCTA-1,3
AACGTTGCAGCCACCA-1,1
AACGTTGGTGAGTATA-1,1
AACGTTGGTTTAGGAA-1,1
AACGTTGGTTTGACAC-1,1
AACGTTGTCGGTGTTA-1,3
AACGTTGTCGTTGACA-1,1
AACTCAGAGAAACCGC-1,1
AACTCAGAGAGTGACC-1,2
AACTCAGAGTTTCCTT-1,1
AACTCAGCAAACCTAC-1,2
AACTCAGCAGTAGAGC-1,2
AACTCAGGTCCTCTTG-1,2
AACTCAGGTTCAGGCC-1,2
AACTCAGTCAACTCTT-1,1
AACTCAGTCCTTTACA-1,3
AACTCAGTCGCGCCAA-1,3
AACTCAGTCTGATACG-1,2
AACTCAGTCTGCTTGC-1,1
AACTCCCAGCAGACTG-1,1
AACTCCCAGCTCCCAG-1,2
AACTCCCGTATCGCAT-1,1
AACTCCCGTGCGGTAA-1,2
AACTCTTAGCAAATCA-1,1
AACTCTTAGTGGTCCC-1,2
AACTCTTCACTTCGAA-1,1
AACTCTTCATCGGTTA-1,1
AACTCTTGTAGCCTCG-1,1
AACTCTTGTCCAAGTT-1,2
AACTCTTGTGAAATCA-1,1
AACTCTTGTGACGGTA-1,2
AACTCTTGTTAGGGTG-1,1
AACTCTTGTTAGTGGG-1,2
AACTCTTGTTCAGCGC-1,1
AACTCTTTCGCCAAAT-1,2
AACTGGTCAATGGAGC-1,1
AACTGGTCATACGCTA-1,1
AACTGGTGTAGCGATG-1,1
AACTGGTGTAGCTAAA-1,2
AACTGGTGTCACACGC-1,2
AACTGGTGTCCTCCAT-1,1
AACTGGTGTGTCGCTG-1,1
AACTGGTTCGTCTGAA-1,2
AACTTTCAGAGAACAG-1,1
AACTTTCAGGCTAGCA-1,2
AACTTTCAGGGTTCCC-1,4
AACTTTCAGTCCTCCT-1,4
AACTTTCAGTGCCAGA-1,1
AACTTTCCAAGGTTTC-1,1
AACTTTCCACGAAACG-1,1
AACTTTCCATTCCTCG-1,1
AACTTTCTCAGCTCGG-1,1
AAGACCTAGGAGTAGA-1,2
AAGACCTAGTGAATTG-1,2
AAGACCTCACCTGGTG-1,1
AAGACCTCAGGCAGTA-1,2
AAGCCGCAGAAGGCCT-1,1
AAGCCGCAGCTAGGCA-1,3
AAGCCGCAGTTTCCTT-1,2
AAGCCGCCACAGCCCA-1,1
AAGCCGCCAGGCTGAA-1,1
AAGCCGCTCAGCTCGG-1,2
AAGGAGCAGCAAATCA-1,2
AAGGAGCAGCCAACAG-1,2
AAGGAGCAGCCAGTAG-1,1
AAGGAGCAGTGAAGTT-1,1
AAGGAGCCACCAGGCT-1,3
AAGGAGCCAGATCCAT-1,2
AAGGAGCCATCGGACC-1,1
AAGGAGCGTAAAGGAG-1,2
AAGGAGCGTCGGCACT-1,1
AAGGAGCGTGTGACGA-1,2
AAGGAGCTCAGGTAAA-1,1
AAGGAGCTCCGCATCT-1,1
AAGGAGCTCTCGCTTG-1,1
AAGGCAGCAAGTTAAG-1,2
AAGGCAGCATGTCGAT-1,1
AAGGCAGCATGTTGAC-1,2
AAGGCAGTCTGTCTCG-1,2
AAGGTTCAGACTAGAT-1,1
AAGGTTCAGGACAGAA-1,5
AAGGTTCCATAACCTG-1,1
AAGGTTCGTCATACTG-1,1
AAGGTTCTCACCACCT-1,2
AAGGTTCTCGGCGCTA-1,5
AAGGTTCTCTGTACGA-1,1
AAGTCTGAGACACTAA-1,1
AAGTCTGAGGATGCGT-1,1
AAGTCTGAGGCCGAAT-1,2
AAGTCTGCACATAACC-1,1
AAGTCTGCAGAGTGTG-1,2
AAGTCTGCAGCCAATT-1,1
AAGTCTGGTGCGCTTG-1,2
AAGTCTGTCCGGCACA-1,1
AAGTCTGTCGCTGATA-1,2
AAGTCTGTCGGTTCGG-1,2
AAGTCTGTCTTAGCCC-1,2
AATCCAGAGAGGTACC-1,1
AATCCAGAGCGTCAAG-1,1
AATCCAGCATGGGACA-1,1
AATCCAGTCAACTCTT-1,2
AATCCAGTCACGACTA-1,2
AATCCAGTCATGTGGT-1,2
AATCCAGTCCGTACAA-1,1
AATCCAGTCTTGAGGT-1,2
AATCGGTAGCCAGTAG-1,1
AATCGGTAGGCATGGT-1,2
AATCGGTAGGTAGCTG-1,1
AATCGGTAGTCCATAC-1,1
AATCGGTAGTGCGATG-1,4
AATCGGTCACAGGTTT-1,1
AATCGGTCACCGAAAG-1,1
AATCGGTCAGGCTCAC-1,1
AATCGGTGTAGGGACT-1,4
AATCGGTGTGTGTGCC-1,1
AATCGGTTCATTATCC-1,2
AATCGGTTCGAGGTAG-1,4
AATCGGTTCGCCAAAT-1,4
ACACCAAAGAAACGCC-1,4
ACACCAACACTCGACG-1,2
ACACCAAGTTCACGGC-1,1
ACACCAATCCGAACGC-1,2
ACACCAATCGGTGTTA-1,2
ACACCAATCTCACATT-1,2
ACACCAATCTCCAGGG-1,2
ACACCAATCTGTCAAG-1,1
ACACCAATCTTGTCAT-1,2
ACACCCTAGAGCTGCA-1,3
ACACCCTGTACCATCA-1,3
ACACCCTGTAGGGTAC-1,2
ACACCCTGTATATGAG-1,2
ACACCCTTCATGCATG-1,1
ACACCCTTCGTCGTTC-1,2
ACACCGGAGACTGTAA-1,2
ACACCGGAGACTTGAA-1,1
ACACCGGCACTTCTGC-1,2
ACACCGGCAGCTTCGG-1,2
ACACCGGCATTCCTCG-1,1
ACACCGGGTGTGTGCC-1,2
ACACCGGTCCTCGCAT-1,1
ACACCGGTCGAACGGA-1,2
ACACCGGTCGCGCCAA-1,1
ACACTGAAGTACGTAA-1,2
ACACTGAAGTGTGAAT-1,1
ACACTGACAATACGCT-1,2
ACACTGAGTAACGACG-1,2
ACACTGATCACCATAG-1,1
ACACTGATCACTCCTG-1,1
ACAGCCGAGAAAGTGG-1,1
ACAGCCGAGTCAATAG-1,2
ACAGCCGAGTGGGATC-1,2
ACAGCCGCAAGCCGCT-1,1
ACAGCCGCACTATCTT-1,1
ACAGCCGGTACAGTGG-1,2
ACAGCCGTCAAACCAC-1,1
ACAGCCGTCGCAAACT-1,1
ACAGCCGTCGGTCTAA-1,2
ACAGCCGTCTGCGGCA-1,1
ACAGCTAAGACTACAA-1,1
ACAGCTAAGGTGCTAG-1,1
ACAGCTAAGTCTCGGC-1,2
ACAGCTACACAAGTAA-1,1
ACAGCTAGTAGAGTGC-1,2
ACAGCTAGTAGGCTGA-1,6
ACAGCTAGTCAGAATA-1,2
ACAGCTAGTGAGGCTA-1,1
ACAGCTAGTGGACGAT-1,1
ACAGCTATCGTGGACC-1,2
ACAGCTATCTATCCTA-1,3
ACATACGAGCTTTGGT-1,1
ACATACGAGGGATCTG-1,3
ACATACGAGTGGGCTA-1,3
ACATACGCACCCTATC-1,4
ACATACGCATGATCCA-1,1
ACATACGGTACCGCTG-1,4
ACATACGGTGTGCGTC-1,2
ACATACGTCACCGTAA-1,2
ACATACGTCCCAACGG-1,1
ACATACGTCCTAAGTG-1,1
ACATACGTCCTTGGTC-1,1
ACATACGTCGCGTTTC-1,1
ACATCAGAGAGAGCTC-1,1
ACATCAGAGCTAACTC-1,2
ACATCAGAGGCCCTCA-1,1
ACATCAGAGTGTCCCG-1,2
ACATCAGCACCTATCC-1,1
ACATCAGCACCTCGGA-1,2
ACATCAGCAGCATGAG-1,1
ACATCAGCAGCTGTAT-1,2
ACATCAGGTGAGTGAC-1,2
ACATCAGGTGATGTGG-1,2
ACATCAGGTGGGTATG-1,1
ACATCAGGTGTCGCTG-1,2
ACATCAGGTTGGAGGT-1,2
ACATCAGTCTATCCTA-1,2
ACATGGTAGTCAAGCG-1,1
ACATGGTCAAGTTGTC-1,2
ACATGGTGTACACCGC-1,1
ACATGGTGTCTCCCTA-1,3
ACATGGTGTGCAGGTA-1,2
ACATGGTGTTATGCGT-1,1
ACATGGTTCACCCTCA-1,1
ACATGGTTCGGTCCGA-1,2
ACATGGTTCTCTGCTG-1,2
ACCAGTAAGCGTTTAC-1,2
ACCAGTAAGTGCTGCC-1,1
ACCAGTAAGTTGTAGA-1,1
ACCAGTACAAGTTGTC-1,2
ACCAGTACAGGTCTCG-1,2
ACCAGTACATCGGACC-1,2
ACCAGTATCAAGATCC-1,4
ACCAGTATCGTCCAGG-1,2
ACCAGTATCTACGAGT-1,1
ACCAGTATCTCGCATC-1,1
ACCCACTAGCCAGAAC-1,2
ACCCACTCAAGCGATG-1,4
ACCCACTCACCCATGG-1,1
ACCCACTCACGGTAGA-1,1
ACCCACTGTACAGACG-1,2
ACCCACTGTAGGGACT-1,1
ACCCACTGTTCGTGAT-1,2
ACCCACTTCAAGGTAA-1,2
ACCCACTTCAGCACAT-1,1
ACCCACTTCGGCTACG-1,2
ACCGTAAAGAGACGAA-1,1
ACCGTAAAGTCTCGGC-1,4
ACCGTAACACCTCGTT-1,1
ACCGTAAGTCAAACTC-1,2
ACCGTAATCATTGCGA-1,2
ACCTTTAAGTCCGGTC-1,1
ACCTTTACACAGGTTT-1,2
ACCTTTACATAGACTC-1,3
ACCTTTACATTCCTCG-1,2
ACCTTTAGTTCCATGA-1,2
ACCTTTATCGAGCCCA-1,2
ACGAGCCAGAGCCCAA-1,2
ACGAGCCAGCAGATCG-1,2
ACGAGCCAGCGCCTCA-1,2
ACGAGCCAGGAGTAGA-1,1
ACGAGCCCACAACGCC-1,1
ACGAGCCCAGGATTGG-1,1
ACGAGCCCATGAGCGA-1,2
ACGAGCCCATGCAACT-1,2
ACGAGCCGTCGCTTTC-1,1
ACGAGCCGTCTCGTTC-1,1
ACGAGCCTCGAATGGG-1,3
ACGAGCCTCTTGAGGT-1,1
ACGAGGAAGCTAAACA-1,1
ACGAGGAAGGGTTCCC-1,1
ACGAGGACACTAAGTC-1,2
ACGAGGACACTGCCAG-1,2
ACGAGGACAGTCAGCC-1,1
ACGAGGACATCACGTA-1,1
ACGAGGAGTAGCCTAT-1,3
ACGAGGATCAACCATG-1,2
ACGAGGATCGTCGTTC-1,3
ACGAGGATCGTCTGAA-1,1
ACGAGGATCTACGAGT-1,1
ACGAGGATCTTCTGGC-1,2
ACGATACAGGCCCTTG-1,2
ACGATACCAAGACACG-1,1
ACGATACCACAGATTC-1,2
ACGATACCAGAAGCAC-1,2
ACGATACCAGATCTGT-1,2
ACGATACCATGGTCTA-1,2
ACGATACGTGGCTCCA-1,2
ACGATACGTTAGAACA-1,1
ACGATACTCCGTCAAA-1,2
ACGATACTCTACGAGT-1,3
ACGATGTAGTGAATTG-1,2
ACGATGTGTCTCTTTA-1,2
ACGATGTGTTTGACAC-1,1
ACGATGTTCCAGAGGA-1,2
ACGATGTTCTTGCCGT-1,2
ACGCAGCAGGTGCAAC-1,2
ACGCAGCAGTTCCACA-1,1
ACGCAGCCACACTGCG-1,2
ACGCAGCCAGGAACGT-1,3
ACGCAGCCAGGCGATA-1,2
ACGCAGCCATCGATTG-1,2
ACGCAGCCATCTACGA-1,1
ACGCAGCGTACAGTTC-1,1
ACGCAGCGTATATCCG-1,2
ACGCAGCGTCTTGCGG-1,2
ACGCAGCTCAGGATCT-1,2
ACGCAGCTCCCTTGTG-1,1
ACGCCAGAGCCACGCT-1,2
ACGCCAGAGCTTTGGT-1,1
ACGCCAGAGGAATTAC-1,2
ACGCCAGCAAAGGAAG-1,1
ACGCCAGCACGGTGTC-1,1
ACGCCAGCATAACCTG-1,1
ACGCCAGGTACGCTGC-1,2
ACGCCAGTCCAGAAGG-1,1
ACGCCAGTCCTGCCAT-1,1
ACGCCGAAGACCCACC-1,1
ACGCCGAAGTACGCGA-1,2
ACGCCGAAGTAGCGGT-1,1
ACGCCGAAGTTGTAGA-1,5
ACGCCGACAAGTCTGT-1,2
ACGCCGACACCCATGG-1,2
ACGCCGAGTGAGGCTA-1,2
ACGCCGAGTGTCCTCT-1,1
ACGCCGAGTTTGTTGG-1,1
ACGCCGATCAAAGTAG-1,1
ACGCCGATCAGTTGAC-1,2
ACGCCGATCCAGAAGG-1,3
ACGGAGAAGATGGCGT-1,2
ACGGAGAAGCGCTTAT-1,2
ACGGAGACAAAGGCGT-1,1
ACGGAGACAAGTAGTA-1,1
ACGGAGAGTAGAAGGA-1,1
ACGGAGAGTATTACCG-1,1
ACGGAGAGTCCTAGCG-1,1
ACGGAGAGTGCAGGTA-1,2
ACGGAGAGTTCCGGCA-1,2
ACGGAGATCACGACTA-1,1
ACGGCCAAGACGCACA-1,2
ACGGCCAAGCGTGAGT-1,1
ACGGCCAAGTGTACGG-1,2
ACGGCCACAAGTACCT-1,2
ACGGCCACAATGTAAG-1,2
ACGGCCAGTACAAGTA-1,2
ACGGCCAGTTTGTTGG-1,2
ACGGCCATCAGTGCAT-1,2
ACGGCCATCTATCCTA-1,1
ACGGCCATCTTGTTTG-1,1
ACGGGCTAGTGGTAGC-1,2
ACGGGCTCATGCTGGC-1,1
ACGGGCTCATTCGACA-1,1
ACGGGCTGTGCAACGA-1,2
ACGGGCTGTTATCCGA-1,1
ACGGGCTGTTCGGGCT-1,2
ACGGGCTTCAGGCCCA-1,2
ACGGGCTTCGGTTCGG-1,2
ACGGGTCAGCAATCTC-1,1
ACGGGTCAGCTACCTA-1,2
ACGGGTCCAATGGAGC-1,3
ACGGGTCCACACTGCG-1,1
ACGGGTCCAGAAGCAC-1,3
ACGGGTCCATCGGACC-1,2
ACGGGTCCATGCAACT-1,5
ACGGGTCGTAACGCGA-1,1
ACGGGTCGTAGCGTCC-1,1
ACGGGTCGTTGATTCG-1,1
ACGGGTCGTTGGGACA-1,2
ACGGGTCTCAGCACAT-1,1
ACGTCAAAGATAGGAG-1,1
ACGTCAAAGCAGATCG-1,1
ACGTCAAAGCTAAGAT-1,2
ACGTCAAAGGACATTA-1,2
ACGTCAACAATCTACG-1,2
ACGTCAAGTCTTGCGG-1,1
ACGTCAAGTTTGTTGG-1,2
ACGTCAATCACATGCA-1,1
ACGTCAATCTGCGTAA-1,2
ACTATCTAGATCCCGC-1,1
ACTATCTAGGGTGTTG-1,2
ACTATCTAGTGGCACA-1,1
ACTATCTCAAGCGATG-1,1
ACTATCTCACAGACTT-1,1
ACTATCTCACGAGGTA-1,2
ACTATCTCATTCCTGC-1,1
ACTATCTGTATAAACG-1,2
ACTATCTGTCCATGAT-1,2
ACTATCTGTCTAGCCG-1,2
ACTATCTTCTTGAGGT-1,1
ACTGAACAGGAGCGTT-1,2
ACTGAACAGGGATGGG-1,1
ACTGAACAGTACACCT-1,2
ACTGAACCAAGCCCAC-1,1
ACTGAACCACCCTATC-1,2
ACTGAACCACTCAGGC-1,1
ACTGAACCAGTATGCT-1,1
ACTGAACGTAGCGTAG-1,2
ACTGAACGTCGCTTTC-1,1
ACTGAACGTGCTTCTC-1,1
ACTGAACGTTAAGGGC-1,1
ACTGAACTCCATGCTC-1,1
ACTGAACTCCGTCATC-1,2
ACTGAACTCGGATGGA-1,2
ACTGAACTCTGCAAGT-1,2
ACTGAGTAGGCAAAGA-1,2
ACTGAGTAGGTCGGAT-1,2
ACTGAGTAGGTGCAAC-1,2
ACTGAGTCAAATACAG-1,2
ACTGAGTCAGACAAGC-1,1
ACTGAGTCAGACGCTC-1,2
ACTGAGTCATGCCCGA-1,2
ACTGAGTGTGCGCTTG-1,2
ACTGAGTGTTCGAATC-1,1
ACTGAGTTCAGCTCGG-1,2
ACTGAGTTCATGTCCC-1,1
ACTGAGTTCGGCGCAT-1,2
ACTGATGAGAGCAATT-1,1
ACTGATGAGCTAGTCT-1,1
ACTGATGAGGACATTA-1,1
ACTGATGAGGATCGCA-1,2
ACTGATGAGGTGACCA-1,1
ACTGATGCAAATTGCC-1,2
ACTGATGGTCAAAGAT-1,2
ACTGATGGTCGGCATC-1,2
ACTGATGGTCGTGGCT-1,1
ACTGATGGTTCCGTCT-1,2
ACTGATGTCCGTCATC-1,1
ACTGATGTCGACCAGC-1,1
ACTGATGTCTAAGCCA-1,2
ACTGCTCAGATGTCGG-1,3
ACTGCTCAGTGCGTGA-1,2
ACTGCTCGTCTTCAAG-1,2
ACTGCTCGTTACGACT-1,1
ACTGCTCTCCTAGGGC-1,1
ACTGCTCTCGAGAACG-1,2
ACTGTCCAGACCGGAT-1,1
ACTGTCCAGACTAAGT-1,2
ACTGTCCAGCCATCGC-1,2
ACTGTCCAGCTAACTC-1,1
ACTGTCCAGGCAGGTT-1,2
ACTGTCCAGGCTCATT-1,2
ACTGTCCAGGTGCACA-1,2
ACTGTCCAGTGTACGG-1,3
ACTGTCCCAAAGTGCG-1,1
ACTGTCCCAGCATACT-1,2
ACTGTCCCATTCTTAC-1,3
ACTGTCCGTAAACGCG-1,1
ACTGTCCGTCCGAATT-1,2
ACTGTCCGTCGAGATG-1,2
ACTGTCCGTTCAGGCC-1,1
ACTGTCCTCACTGGGC-1,2
ACTGTCCTCGGAGCAA-1,1
ACTGTCCTCGGCTTGG-1,2
ACTTACTAGCTCCTCT-1,2
ACTTACTCAGCCTATA-1,2
ACTTACTCATCAGTAC-1,1
ACTTACTTCATGTGGT-1,1
ACTTACTTCCGTACAA-1,1
ACTTGTTAGAAGGTTT-1,3
ACTTGTTAGAATCTCC-1,2
ACTTGTTAGTCACGCC-1,1
ACTTGTTCAAATACAG-1,2
ACTTGTTGTGCGAAAC-1,1
ACTTGTTTCACCAGGC-1,1
ACTTGTTTCAGCGATT-1,1
ACTTGTTTCCCTAATT-1,2
ACTTTCAAGATCGGGT-1,2
ACTTTCAAGTGGTCCC-1,2
ACTTTCAAGTTCGCAT-1,1
ACTTTCACACAACGCC-1,1
ACTTTCACACGCGAAA-1,2
ACTTTCACACGGTAGA-1,2
ACTTTCACACTTAAGC-1,2
ACTTTCAGTCAGTGGA-1,1
ACTTTCAGTCCAGTGC-1,2
ACTTTCAGTGTGAATA-1,2
ACTTTCATCACGAAGG-1,2
ACTTTCATCAGGCCCA-1,2
ACTTTCATCCTAAGTG-1,1
AGAATAGAGCCACGTC-1,2
AGAATAGAGGAACTGC-1,1
AGAATAGCACCAGGTC-1,2
AGAATAGCACGGTAGA-1,2
AGAATAGGTAAGGGCT-1,1
AGAATAGGTATATGGA-1,4
AGAATAGGTCTCCATC-1,2
AGAATAGTCATATCGG-1,1
AGAATAGTCCTAGAAC-1,1
AGACGTTAGAGCCCAA-1,2
AGACGTTAGATGAGAG-1,1
AGACGTTAGGGATACC-1,1
AGACGTTAGTGGTAGC-1,2
AGACGTTAGTTGTAGA-1,1
AGACGTTCAAACCCAT-1,1
AGACGTTCAATCTGCA-1,1
AGACGTTCAGGCAGTA-1,1
AGACGTTGTAGAGGAA-1,5
AGACGTTGTTAAGGGC-1,1
AGACGTTGTTATTCTC-1,2
AGACGTTTCCCTGACT-1,3
AGACGTTTCGTCCGTT-1,1
AGACGTTTCTGTCCGT-1,2
AGACGTTTCTTAGCCC-1,1
AGAGCGAAGTTGAGTA-1,1
AGAGCGACATTAACCG-1,1
AGAGCGAGTACAGTTC-1,1
AGAGCGAGTATCAGTC-1,2
AGAGCGAGTGAGGCTA-1,1
AGAGCGAGTGGTACAG-1,1
AGAGCGATCCCATTAT-1,3
AGAGCGATCGCTGATA-1,1
AGAGCTTAGAATGTGT-1,1
AGAGCTTAGGAGCGAG-1,2
AGAGCTTAGGCGACAT-1,2
AGAGCTTAGTGGGCTA-1,1
AGAGCTTAGTTAACGA-1,2
AGAGCTTCACAGACTT-1,2
AGAGCTTCACATAACC-1,1
AGAGCTTCACTCAGGC-1,1
AGAGCTTGTAGTAGTA-1,4
AGAGCTTGTGTGTGCC-1,1
AGAGCTTGTTTGCATG-1,1
AGAGCTTTCGACGGAA-1,2
AGAGCTTTCGCCAAAT-1,1
AGAGTGGAGATGTGTA-1,2
AGAGTGGAGCCACCTG-1,1
AGAGTGGAGGCTAGAC-1,2
AGAGTGGAGGTAAACT-1,2
AGAGTGGAGTACGATA-1,3
AGAGTGGGTGCCTGGT-1,1
AGAGTGGTCTCACATT-1,3
AGATCTGAGGAGTCTG-1,2
AGATCTGAGTCGATAA-1,3
AGATCTGCAAGTTGTC-1,1
AGATCTGCACGAAACG-1,2
AGATCTGCAGACTCGC-1,2
AGATCTGCAGATCTGT-1,1
AGATCTGCAGCTGTGC-1,1
AGATCTGCATAGTAAG-1,2
AGATCTGGTACAGACG-1,1
AGATCTGGTACCGTAT-1,2
AGATCTGGTGCATCTA-1,1
AGATCTGTCAGCTCTC-1,1
AGATCTGTCATGTAGC-1,3
AGATCTGTCATTATCC-1,2
AGATCTGTCCACGACG-1,2
AGATCTGTCCCAACGG-1,2
AGATCTGTCTTGTCAT-1,2
AGATTGCGTTGCGTTA-1,2
AGATTGCTCAGCTTAG-1,1
AGATTGCTCCTGCTTG-1,1
AGATTGCTCGGATGTT-1,2
AGATTGCTCGGGAGTA-1,3
AGATTGCTCTAACGGT-1,1
AGCAGCCAGAGCAATT-1,1
AGCAGCCAGCCGCCTA-1,2
AGCAGCCAGTATCTCG-1,1
AGCAGCCCACGGTGTC-1,1
AGCAGCCCACTCTGTC-1,1
AGCAGCCCACTGTTAG-1,2
AGCAGCCCAGACTCGC-1,2
AGCAGCCCAGATGGGT-1,2
AGCAGCCCAGGTCCAC-1,3
AGCAGCCCATACAGCT-1,2
AGCAGCCGTCCGTGAC-1,2
AGCAGCCGTGAGTATA-1,3
AGCAGCCGTTACGGAG-1,2
AGCAGCCTCATGCTCC-1,2
AGCAGCCTCCATGAAC-1,2
AGCAGCCTCTCGCTTG-1,2
AGCATACAGAGCCTAG-1,1
AGCATACAGTTCCACA-1,2
AGCATACCATCACAAC-1,2
AGCATACGTCTAGCCG-1,2
AGCATACGTCTTTCAT-1,2
AGCCTAAAGCAACGGT-1,2
AGCCTAAAGCCTCGTG-1,2
AGCCTAAAGTACGTAA-1,1
AGCCTAAAGTATGACA-1,1
AGCCTAACACCAGCAC-1,1
AGCCTAACAGTAACGG-1,2
AGCCTAACATATACCG-1,2
AGCCTAAGTCACCCAG-1,1
AGCCTAATCTCCTATA-1,2
AGCGGTCAGACAGAGA-1,2
AGCGGTCAGCTGAAAT-1,1
AGCGGTCAGTAGGTGC-1,2
AGCGGTCAGTGAAGAG-1,1
AGCGGTCCAAAGGCGT-1,2
AGCGGTCCAAATACAG-1,2
AGCGGTCCACTTACGA-1,1
AGCGGTCGTAACGTTC-1,1
AGCGGTCGTAAGCACG-1,2
AGCGGTCGTCCATGAT-1,2
AGCGGTCGTTCGCTAA-1,1
AGCGGTCTCACCTCGT-1,2
AGCGGTCTCGGGAGTA-1,2
AGCGTATAGCCCAGCT-1,1
AGCGTATCAGGAATGC-1,2
AGCGTATCATGCATGT-1,1
AGCGTATGTAGTACCT-1,2
AGCGTCGAGATGGCGT-1,2
AGCGTCGAGCTAAACA-1,1
AGCGTCGAGGAGTCTG-1,1
AGCGTCGCAACAACCT-1,2
AGCGTCGCACCTATCC-1,1
AGCGTCGCACGGCGTT-1,2
AGCGTCGCAGGCAGTA-1,2
AGCGTCGCAGGTCGTC-1,2
AGCGTCGGTTGGTGGA-1,1
AGCGTCGTCTATCCTA-1,1
AGCGTCGTCTTGCATT-1,2
AGCTCCTAGGCTCATT-1,2
AGCTCCTAGTACGTTC-1,2
AGCTCCTAGTGATCGG-1,2
AGCTCCTAGTTTGCGT-1,1
AGCTCCTCACAAGCCC-1,1
AGCTCCTCATCATCCC-1,2
AGCTCCTCATGATCCA-1,1
AGCTCCTGTAGCGCTC-1,1
AGCTCCTGTTCACCTC-1,2
AGCTCCTTCATGTGGT-1,2
AGCTCCTTCCAGAAGG-1,1
AGCTCTCAGATCACGG-1,1
AGCTCTCAGCCGTCGT-1,2
AGCTCTCCAAGGACAC-1,1
AGCTCTCCACGGTGTC-1,1
AGCTCTCCAGGCTGAA-1,2
AGCTCTCCATCCGGGT-1,1
AGCTCTCTCTGTCAAG-1,1
AGCTTGAAGGCAAAGA-1,1
AGCTTGAAGTTTGCGT-1,1
AGCTTGACACCTGGTG-1,2
AGCTTGACACTAGTAC-1,1
AGCTTGACAGGGCATA-1,3
AGCTTGATCACTTACT-1,2
AGCTTGATCATTGCCC-1,1
AGCTTGATCCGTAGGC-1,1
AGCTTGATCTCATTCA-1,2
AGCTTGATCTGCCAGG-1,1
AGCTTGATCTTGTATC-1,2
AGGCCACAGTAGCGGT-1,2
AGGCCACCACCGATAT-1,3
AGGCCACCAGGATTGG-1,2
AGGCCACGTACGCTGC-1,1
AGGCCACGTGCCTGTG-1,1
AGGCCACTCTGACCTC-1,1
AGGCCGTAGAATGTTG-1,2
AGGCCGTAGAGGTTGC-1,1
AGGCCGTAGCGTGAGT-1,1
AGGCCGTCAATGGAGC-1,2
AGGCCGTCACGTCAGC-1,2
AGGCCGTGTTGGACCC-1,2
AGGCCGTTCAGCAACT-1,2
AGGCCGTTCGTTGACA-1,2
AGGGAGTAGGAATGGA-1,1
AGGGAGTAGGCTACGA-1,1
AGGGAGTAGTACCGGA-1,1
AGGGAGTAGTGAAGAG-1,1
AGGGAGTCACCACCAG-1,2
AGGGAGTCACGGTAGA-1,1
AGGGAGTCAGGTCCAC-1,1
AGGGAGTGTACATGTC-1,2
AGGGATGAGGACAGAA-1,2
AGGGATGCAACTGCTA-1,1
AGGGATGCAAGTACCT-1,1
AGGGATGCACCACGTG-1,2
AGGGATGCAGCTGCAC-1,1
AGGGATGCATGCCCGA-1,1
AGGGATGGTTCAACCA-1,1
AGGGATGGTTCCGGCA-1,1
AGGGATGTCATCGCTC-1,2
AGGGATGTCTAACTTC-1,1
AGGGTGAAGACAAGCC-1,1
AGGGTGAAGCCACCTG-1,2
AGGGTGAAGTACTTGC-1,3
AGGGTGAAGTTTCCTT-1,1
AGGGTGACATCCGTGG-1,3
AGGGTGACATGCCTTC-1,2
AGGGTGAGTAAAGGAG-1,1
AGGGTGAGTTTGCATG-1,1
AGGGTGATCCTGTAGA-1,2
AGGTCATAGAATGTGT-1,1
AGGTCATAGACAAGCC-1,4
AGGTCATAGGTACTCT-1,3
AGGTCATAGTGTACCT-1,2
AGGTCATCAACTGGCC-1,1
AGGTCATCAAGACGTG-1,1
AGGTCATGTCCGAGTC-1,1
AGGTCATGTCTCGTTC-1,2
AGGTCATTCAGGCGAA-1,1
AGGTCATTCATGTGGT-1,4
AGGTCCGAGCAATATG-1,1
AGGTCCGAGGTGACCA-1,1
AGGTCCGAGTGCTGCC-1,2
AGGTCCGCAGCTGTTA-1,1
AGGTCCGCAGGGATTG-1,3
AGGTCCGGTAATCACC-1,2
AGGTCCGGTATGAATG-1,1
AGGTCCGGTGACCAAG-1,1
AGGTCCGGTGAGGGTT-1,1
AGGTCCGGTTGATTCG-1,1
AGGTCCGTCCAGTATG-1,1
AGGTCCGTCGGAAATA-1,2
AGTAGTCAGATCACGG-1,1
AGTAGTCAGCTAAACA-1,2
AGTAGTCAGGAGTAGA-1,1
AGTAGTCCACAACTGT-1,2
AGTAGTCCATTGGCGC-1,2
AGTAGTCGTCTAGAGG-1,1
AGTAGTCGTCTTTCAT-1,1
AGTAGTCGTTAAGGGC-1,2
AGTAGTCTCCCGGATG-1,2
AGTAGTCTCGGTCCGA-1,1
AGTCTTTAGGTACTCT-1,1
AGTCTTTAGTACACCT-1,1
AGTCTTTCAAGTACCT-1,1
AGTCTTTCACTTCTGC-1,1
AGTCTTTCATACGCCG-1,1
AGTCTTTCATGGTAGG-1,1
AGTCTTTGTCAATGTC-1,4
AGTCTTTGTGTGGTTT-1,1
AGTCTTTTCTACTTAC-1,2
AGTCTTTTCTTCCTTC-1,2
AGTGAGGAGCCGTCGT-1,4
AGTGAGGAGCTACCGC-1,3
AGTGAGGCAATGGACG-1,1
AGTGAGGCATGTTCCC-1,1
AGTGAGGGTAAGTAGT-1,1
AGTGAGGGTAATCACC-1,2
AGTGAGGGTACAGACG-1,2
AGTGAGGGTCGGCACT-1,1
AGTGGGAAGAATGTGT-1,1
AGTGGGAAGAGTAATC-1,2
AGTGGGAAGGACATTA-1,2
AGTGGGAAGTTGAGAT-1,2
AGTGGGACAAACAACA-1,4
AGTGGGACACAAGACG-1,1
AGTGGGACACATTTCT-1,3
AGTGGGACACTTAACG-1,1
AGTGGGAGTAAGTGTA-1,2
AGTGGGAGTCTAAAGA-1,1
AGTGGGAGTGGTCCGT-1,2
AGTGGGAGTGTGGTTT-1,2
AGTGGGATCCACGTTC-1,2
AGTGGGATCCACTCCA-1,2
AGTGGGATCCGCATAA-1,2
AGTGTCAAGCTGAAAT-1,1
AGTGTCAAGGACATTA-1,1
AGTGTCAAGGGTTCCC-1,1
AGTGTCAAGTCCAGGA-1,2
AGTGTCAAGTGACTCT-1,2
AGTGTCAGTAACGCGA-1,1
AGTGTCAGTGGCGAAT-1,2
AGTGTCAGTTTAGGAA-1,1
AGTGTCATCAGTTTGG-1,4
AGTGTCATCATAGCAC-1,2
AGTGTCATCTACCTGC-1,3
AGTTGGTAGAGGTACC-1,2
AGTTGGTAGGCATTGG-1,1
ATAACGCAGACTCGGA-1,2
ATAACGCAGATGTCGG-1,2
ATAACGCCAATGGTCT-1,1
ATAACGCCACCATCCT-1,3
ATAACGCCATAGAAAC-1,1
ATAACGCCATCCAACA-1,1
ATAACGCGTCATTAGC-1,1
ATAACGCTCACTTACT-1,2
ATAAGAGAGAATTCCC-1,2
ATAAGAGAGCGATAGC-1,2
ATAAGAGCATTTCAGG-1,2
ATAAGAGGTAGCCTCG-1,3
ATAAGAGGTCAGAGGT-1,3
ATAAGAGGTGTTCGAT-1,1
ATAAGAGGTTACGGAG-1,2
ATAAGAGTCAATCTCT-1,1
ATAAGAGTCACCCGAG-1,1
ATAAGAGTCCTCGCAT-1,2
ATAAGAGTCTTCCTTC-1,1
ATAGACCAGATGTGTA-1,2
ATAGACCAGGCTCTTA-1,1
ATAGACCCAAGCCTAT-1,2
ATAGACCCACATCTTT-1,2
ATAGACCCACGGCTAC-1,1
ATAGACCCACTGTCGG-1,1
ATAGACCCATCGACGC-1,2
ATAGACCGTCACTTCC-1,1
ATAGACCGTCAGAAGC-1,2
ATAGACCGTCTGCAAT-1,1
ATAGACCTCCGTCATC-1,1
ATAGACCTCCTCATTA-1,2
ATAGACCTCTATCCTA-1,2
ATCACGAAGACATAAC-1,1
ATCACGAAGAGCCCAA-1,1
ATCACGAAGGGCACTA-1,1
ATCACGACAAACGTGG-1,2
ATCACGACACAGACTT-1,1
ATCACGACACCATGTA-1,1
ATCACGACATTAGCCA-1,1
ATCACGACATTCACTT-1,2
ATCACGAGTTCTGAAC-1,2
ATCACGATCATAACCG-1,2
ATCACGATCATTGCCC-1,2
ATCACGATCTAACTCT-1,2
ATCATCTAGGAATCGC-1,1
ATCATCTAGGATCGCA-1,3
ATCATCTCAACCGCCA-1,1
ATCATCTCACGGATAG-1,2
ATCATCTTCCAACCAA-1,2
ATCATGGAGCAGCCTC-1,2
ATCATGGAGGAGTTTA-1,1
ATCATGGCAAGGTGTG-1,1
ATCATGGCACATAACC-1,2
ATCATGGCACCAGGTC-1,2
ATCATGGCACGGCTAC-1,1
ATCATGGTCGCCCTTA-1,2
ATCATGGTCGTCCGTT-1,2
ATCATGGTCGTGGACC-1,2
ATCATGGTCTATGTGG-1,1
ATCATGGTCTGGGCCA-1,1
ATCCACCAGATGCCTT-1,2
ATCCACCCACCCATGG-1,1
ATCCACCCAGTATGCT-1,3
ATCCACCCAGTTTACG-1,2
ATCCACCGTAGGCTGA-1,1
ATCCACCTCATGTGGT-1,2
ATCCGAAGTGACGGTA-1,1
ATCCGAAGTGCGCTTG-1,2
ATCCGAAGTGGCCCTA-1,2
ATCCGAAGTTGGGACA-1,1
ATCCGAATCAAGATCC-1,2
ATCCGAATCCTTGCCA-1,2
ATCGAGTAGACACGAC-1,2
ATCGAGTAGGTGATTA-1,2
ATCGAGTAGTAACCCT-1,1
ATCGAGTCACCCATTC-1,2
ATCGAGTGTAACGACG-1,2
ATCGAGTGTACCGAGA-1,2
ATCGAGTGTGCCTGTG-1,2
ATCGAGTGTTGATTGC-1,1
ATCTACTAGCCTCGTG-1,1
ATCTACTAGCTGTTCA-1,2
ATCTACTCATCACCCT-1,2
ATCTACTGTCAAGCGA-1,1
ATCTACTGTGCCTGGT-1,1
ATCTACTGTTCACGGC-1,1
ATCTACTTCAAGATCC-1,2
ATCTACTTCGCGCCAA-1,1
ATCTACTTCTCGTATT-1,2
ATCTGCCAGGCCGAAT-1,1
ATCTGCCAGGCTAGCA-1,1
ATCTGCCAGGGCTCTC-1,2
ATCTGCCCAATGCCAT-1,2
ATCTGCCTCATACGGT-1,1
ATCTGCCTCTACCTGC-1,3
ATCTGCCTCTTCATGT-1,2
ATGAGGGAGACACGAC-1,1
ATGAGGGAGACTACAA-1,1
ATGAGGGAGGTGGGTT-1,2
ATGAGGGAGTCCAGGA-1,3
ATGAGGGCAATCCGAT-1,2
ATGAGGGCAGAGTGTG-1,1
ATGAGGGCAGCTGTTA-1,2
ATGAGGGGTCTAACGT-1,3
ATGAGGGTCCGTAGGC-1,2
ATGAGGGTCGTCGTTC-1,2
ATGAGGGTCGTGACAT-1,2
ATGCGATAGAAGGTTT-1,2
ATGCGATAGGCCCTTG-1,1
ATGCGATAGGGTATCG-1,1
ATGCGATCAACTTGAC-1,2
ATGCGATCACAGCCCA-1,1
ATGCGATCAGGTGGAT-1,1
ATGCGATCAGTACACT-1,1
ATGCGATGTGTTCTTT-1,1
ATGCGATTCCCATTTA-1,2
ATGCGATTCCCTTGCA-1,1
ATGCGATTCGCAAACT-1,1
ATGCGATTCGCACTCT-1,1
ATGGGAGAGACCTAGG-1,1
ATGGGAGAGACGACGT-1,1
ATGGGAGAGTGGTCCC-1,2
ATGGGAGAGTGTGAAT-1,1
ATGGGAGCAAATTGCC-1,2
ATGGGAGCAAGGTTTC-1,2
ATGGGAGGTAAAGTCA-1,2
ATGGGAGGTCATCGGC-1,1
ATGGGAGTCCGCGTTT-1,1
ATGTGTGAGATCACGG-1,1
ATGTGTGAGCACACAG-1,1
ATGTGTGAGCGCTTAT-1,1
ATGTGTGAGCTCAACT-1,1
ATGTGTGAGGTCATCT-1,2
ATGTGTGAGTGCCATT-1,1
ATGTGTGCATACTACG-1,1
ATGTGTGGTCTCCACT-1,2
ATGTGTGGTTAGGGTG-1,1
ATTACTCAGAAGATTC-1,2
ATTACTCAGGCTCTTA-1,3
ATTACTCCATGAACCT-1,1
ATTACTCTCACAACGT-1,2
ATTATCCAGCAGCGTA-1,2
ATTATCCCAAAGCGGT-1,1
ATTATCCCAATCACAC-1,1
ATTATCCCAGGTGGAT-1,2
ATTATCCCATTCCTCG-1,2
ATTATCCGTCTAGTGT-1,2
ATTATCCTCACTCCTG-1,1
ATTATCCTCTAACTCT-1,1
ATTATCCTCTGCAAGT-1,1
ATTATCCTCTGTCTAT-1,1
ATTCTACAGCCCAGCT-1,2
ATTCTACAGTGAAGTT-1,2
ATTCTACCAACACGCC-1,2
ATTCTACCAATGGATA-1,2
ATTCTACCACCCAGTG-1,3
ATTCTACCACCGATAT-1,2
ATTCTACCACCTCGGA-1,2
ATTCTACCAGTGAGTG-1,2
ATTCTACCATGCTAGT-1,2
ATTCTACGTATAGGTA-1,1
ATTCTACTCCCATTAT-1,4
ATTCTACTCGGATGTT-1,2
ATTCTACTCTCTTATG-1,2
ATTGGACAGTAGATGT-1,3
ATTGGACCAAACCTAC-1,2
ATTGGACCACCGGAAA-1,1
ATTGGACCAGCGAACA-1,1
ATTGGACCAGGCTGAA-1,2
ATTGGACGTATTAGCC-1,1
ATTGGACGTCTGGAGA-1,1
ATTGGACGTTCCCGAG-1,1
ATTGGACTCAAAGTAG-1,1
ATTGGACTCCTGCCAT-1,2
ATTGGACTCGCGATCG-1,2
ATTGGACTCGTATCAG-1,1
ATTGGACTCTCCGGTT-1,1
ATTGGTGCACCAGATT-1,2
ATTGGTGCAGGAATCG-1,1
ATTGGTGCATGCATGT-1,1
ATTGGTGGTATTCTCT-1,1
ATTGGTGGTCACCTAA-1,2
ATTGGTGGTGGTCTCG-1,2
ATTGGTGTCCACTGGG-1,1
ATTGGTGTCTTGGGTA-1,1
ATTTCTGAGATCACGG-1,2
ATTTCTGAGGATATAC-1,3
ATTTCTGCAGGACCCT-1,2
ATTTCTGGTAAGTTCC-1,1
ATTTCTGGTACTCGCG-1,1
ATTTCTGGTGCGGTAA-1,2
ATTTCTGGTTCCGTCT-1,1
ATTTCTGTCCGTTGTC-1,1
CAACCAAGTATGGTTC-1,1
CAACCAAGTGACCAAG-1,2
CAACCAAGTTTGACAC-1,1
CAACCAATCCATTCTA-1,1
CAACCAATCCTTTCTC-1,3
CAACCTCAGTTACCCA-1,1
CAACCTCCATCCTAGA-1,2
CAACCTCGTAGCGCAA-1,1
CAACCTCTCTCAAACG-1,1
CAACTAGAGTAACCCT-1,1
CAACTAGAGTTGAGTA-1,4
CAACTAGCACCACCAG-1,2
CAACTAGGTCTAAAGA-1,1
CAACTAGTCGCAGGCT-1,1
CAACTAGTCTCTAGGA-1,2
CAACTAGTCTGGGCCA-1,2
CAAGAAAAGAGTGACC-1,2
CAAGAAAAGATCGGGT-1,2
CAAGAAAAGGTGCAAC-1,1
CAAGAAACACAGATTC-1,2
CAAGAAAGTCTCCATC-1,1
CAAGAAAGTTACGTCA-1,1
CAAGAAAGTTTACTCT-1,1
CAAGAAATCCCGGATG-1,1
CAAGATCGTCCTGCTT-1,2
CAAGATCGTTAAGACA-1,1
CAAGATCGTTCGGCAC-1,2
CAAGATCTCATGCAAC-1,2
CAAGATCTCGACCAGC-1,2
CAAGATCTCGCAAGCC-1,2
CAAGATCTCTTCATGT-1,1
CAAGGCCAGAACAATC-1,2
CAAGGCCAGCTAACTC-1,2
CAAGGCCCACAAGCCC-1,1
CAAGGCCCAGTATCTG-1,1
CAAGGCCCAGTTCCCT-1,1
CAAGGCCCATACAGCT-1,2
CAAGGCCGTGTGAAAT-1,3
CAAGGCCGTTCGCGAC-1,2
CAAGGCCTCAGGATCT-1,3
CAAGTTGAGATGAGAG-1,1
CAAGTTGAGCGTAGTG-1,4
CAAGTTGAGCTGGAAC-1,2
CAAGTTGCACCAGTTA-1,1
CAAGTTGCAGTACACT-1,1
CAAGTTGTCTGGGCCA-1,1
CACAAACCAATAGCGG-1,1
CACAAACCAGATGGGT-1,1
CACAAACCATGCAATC-1,2
CACAAACGTTATGCGT-1,1
CACAAACGTTGATTCG-1,1
CACAAACGTTTGGGCC-1,2
CACAAACTCCAGAAGG-1,2
CACAAACTCTTGTATC-1,2
CACACAAAGGCTAGCA-1,2
CACACAAAGGTAGCCA-1,1
CACACAACACGGTTTA-1,2
CACACAACAGGATTGG-1,1
CACACAACAGTATGCT-1,2
CACACAAGTACCGCTG-1,1
CACACAAGTCTTCGTC-1,1
CACACAATCATCTGTT-1,2
CACACCTAGATCACGG-1,1
CACACCTAGCAGGTCA-1,1
CACACCTAGCTGAAAT-1,2
CACACCTAGGGAACGG-1,2
CACACCTCAAGTAGTA-1,2
CACACCTCATCTACGA-1,2
CACACCTTCCGAACGC-1,1
CACACCTTCTAAGCCA-1,1
CACACCTTCTCGCATC-1,2
CACACTCAGCTGAAAT-1,1
CACACTCAGTCAAGGC-1,2
CACACTCCACAAGCCC-1,1
CACACTCCAGACAAAT-1,1
CACACTCCAGTATCTG-1,2
CACACTCCATGACATC-1,3
CACACTCGTTAGTGGG-1,1
CACACTCTCAGCAACT-1,1
CACACTCTCTTACCTA-1,2
CACAGGCAGAGCTATA-1,1
CACAGGCAGATCGATA-1,2
CACAGGCAGTGAAGTT-1,2
CACAGGCCATCAGTAC-1,1
CACAGGCGTCGATTGT-1,1
CACAGGCGTGACTACT-1,2
CACAGGCTCACTTATC-1,1
CACAGTACACACTGCG-1,1
CACAGTACACGGACAA-1,1
CACAGTACATGCGCAC-1,1
CACAGTAGTGAACCTT-1,3
CACAGTATCATCGATG-1,1
CACATAGAGATGGCGT-1,1
CACATAGCAGCTGGCT-1,2
CACATAGCATTAACCG-1,3
CACATAGGTCTTGATG-1,1
CACATAGTCCCATTAT-1,1
CACATAGTCCTTCAAT-1,1
CACATAGTCTCGCATC-1,4
CACATAGTCTGTCTCG-1,2
CACATTTAGCGAGAAA-1,1
CACATTTAGCGTGTCC-1,2
CACATTTAGTTTAGGA-1,2
CACATTTCACATGTGT-1,2
CACATTTCACCATCCT-1,1
CACATTTCACGTGAGA-1,1
CACATTTGTAGCGTCC-1,3
CACATTTTCGGTTAAC-1,2
CACATTTTCTTCATGT-1,1
CACCACTAGACCACGA-1,1
CACCACTAGCTAGTGG-1,4
CACCACTCAAGTAGTA-1,1
CACCACTCATCCCACT-1,2
CACCACTGTAGTGAAT-1,1
CACCACTTCTTCATGT-1,2
CACCAGGAGTACGTAA-1,1
CACCAGGCACCTTGTC-1,2
CACCAGGGTAACGTTC-1,1
CACCAGGGTCGCTTCT-1,2
CACCAGGGTTGGAGGT-1,2
CACCAGGTCGAGAACG-1,2
CACCAGGTCTAACGGT-1,2
CACCTTGAGCCCTAAT-1,1
CACCTTGAGGGTATCG-1,2
CACCTTGGTAGAAAGG-1,2
CACCTTGGTATCACCA-1,1
CACCTTGTCCTGCTTG-1,1
CACCTTGTCGGAAACG-1,2
CACCTTGTCGTGGGAA-1,2
CACCTTGTCTCCTATA-1,1
CACTCCACACGGTGTC-1,1
CACTCCAGTTCTGTTT-1,1
CACTCCATCCAGATCA-1,1
CAGAATCAGCGTTCCG-1,1
CAGAATCAGTCGTTTG-1,1
CAGAATCCAATAAGCA-1,1
CAGAATCCACGGTAAG-1,1
CAGAATCCACTATCTT-1,3
CAGAATCCATAGACTC-1,1
CAGAATCCATTTGCCC-1,2
CAGAATCGTAATAGCA-1,1
CAGAATCGTATAGGGC-1,1
CAGAATCGTCGAAAGC-1,1
CAGAATCTCAACCATG-1,1
CAGAATCTCCTCATTA-1,1
CAGAATCTCGACAGCC-1,1
CAGAATCTCTAACGGT-1,2
CAGAGAGCACGCCAGT-1,1
CAGAGAGCAGGAATGC-1,1
CAGAGAGCATACGCCG-1,1
CAGAGAGCATGTCCTC-1,1
CAGAGAGGTGCTAGCC-1,1
CAGAGAGGTGCTCTTC-1,2
CAGAGAGTCATAAAGG-1,1
CAGAGAGTCGAGCCCA-1,2
CAGAGAGTCGCGTAGC-1,1
CAGATCAAGCTAGTCT-1,2
CAGATCACAACACCTA-1,1
CAGATCACATCCGCGA-1,1
CAGATCAGTACCTACA-1,1
CAGATCAGTCGCTTCT-1,1
CAGATCAGTGTGCCTG-1,1
CAGATCATCATCATTC-1,2
CAGCAGCAGGTAAACT-1,2
CAGCAGCCAAGCGAGT-1,1
CAGCAGCCACTTAAGC-1,2
CAGCAGCCATCTCGCT-1,1
CAGCAGCGTTAAGAAC-1,2
CAGCAGCTCATGTAGC-1,5
CAGCATACACTTCGAA-1,2
CAGCATACATCAGTCA-1,2
CAGCATACATGAACCT-1,2
CAGCATAGTAAGAGAG-1,2
CAGCATAGTTTGACAC-1,1
CAGCATATCAACGGCC-1,1
CAGCATATCAGGATCT-1,2
CAGCATATCTGTCAAG-1,2
CAGCCGAAGCCCAATT-1,1
CAGCCGAAGGCGATAC-1,2
CAGCCGACAGCTCCGA-1,1
CAGCCGAGTCATACTG-1,1
CAGCCGAGTTTGTTTC-1,2
CAGCCGATCCTCAATT-1,2
CAGCCGATCGGCTTGG-1,1
CAGCGACAGACATAAC-1,2
CAGCGACAGGCATGGT-1,1
CAGCGACCAATAACGA-1,1
CAGCGACCAATTGCTG-1,1
CAGCGACGTAGTACCT-1,1
CAGCGACGTCCAACTA-1,1
CAGCGACTCGCATGGC-1,2
CAGCTAAAGCCACGCT-1,1
CAGCTAAAGCGGATCA-1,2
CAGCTAAAGGCACATG-1,2
CAGCTAAAGGGTTTCT-1,1
CAGCTAAAGGTGGGTT-1,2
CAGCTAACACCCATGG-1,1
CAGCTAACATTGCGGC-1,3
CAGCTAAGTACCGGCT-1,3
CAGCTAAGTCTCATCC-1,1
CAGCTAAGTCTCTCTG-1,3
CAGCTAATCCAAACAC-1,2
CAGCTAATCCCTCAGT-1,1
CAGCTAATCCTAGTGA-1,1
CAGCTAATCTAGCACA-1,1
CAGCTGGCAACTTGAC-1,2
CAGCTGGGTATAGGGC-1,2
CAGCTGGGTCATTAGC-1,2
CAGCTGGGTCCCTACT-1,2
CAGCTGGGTTATGTGC-1,1
CAGCTGGTCGATCCCT-1,2
CAGCTGGTCTACGAGT-1,1
CAGGTGCAGAAGCCCA-1,2
CAGGTGCAGGACATTA-1,2
CAGGTGCAGTTCGCGC-1,1
CAGGTGCCATCTATGG-1,1
CAGGTGCGTACAGTGG-1,2
CAGGTGCGTCCAAGTT-1,1
CAGGTGCTCCAGAAGG-1,1
CAGGTGCTCCGTTGCT-1,2
CAGGTGCTCGTTACAG-1,1
CAGGTGCTCTCTAGGA-1,2
CAGTAACAGCAGGTCA-1,1
CAGTAACAGCGCTCCA-1,2
CAGTAACAGGACAGAA-1,2
CAGTAACCAGCTCGAC-1,2
CAGTAACCAGTATGCT-1,2
CAGTAACCAGTGACAG-1,1
CAGTAACGTAGGCTGA-1,1
CAGTAACGTCGGCACT-1,3
CAGTAACGTCGTCTTC-1,2
CAGTAACTCAATACCG-1,1
CAGTAACTCATTCACT-1,1
CAGTAACTCGTTACGA-1,1
CAGTAACTCTGCGTAA-1,1
CAGTAACTCTGGTATG-1,3
CAGTCCTAGGATCGCA-1,2
CAGTCCTAGTAAGTAC-1,2
CAGTCCTAGTGTGAAT-1,3
CAGTCCTAGTTCGCAT-1,2
CAGTCCTCAACTTGAC-1,1
CAGTCCTCAGGCTGAA-1,1
CAGTCCTGTCGCTTCT-1,1
CAGTCCTGTCTAGTGT-1,2
CATATGGAGACAGACC-1,2
CATATGGAGCAATATG-1,2
CATATGGAGTTCGCGC-1,3
CATATGGCAATAACGA-1,2
CATATGGCACTGTTAG-1,2
CATATGGCATGAAGTA-1,2
CATATTCAGAACAATC-1,2
CATATTCAGATAGGAG-1,2
CATATTCCAATAGCAA-1,3
CATATTCCAGCATACT-1,1
CATATTCGTCAGTGGA-1,2
CATATTCTCAATAAGG-1,1
CATATTCTCACCTTAT-1,2
CATATTCTCAGTTGAC-1,2
CATATTCTCCTAAGTG-1,2
CATATTCTCCTTCAAT-1,1
CATATTCTCGGAGCAA-1,2
CATCAAGAGCTAGTTC-1,1
CATCAAGAGGTGCTTT-1,1
CATCAAGAGTCCTCCT-1,1
CATCAAGCACACAGAG-1,4
CATCAAGCACCGGAAA-1,2
CATCAAGCAGCGTCCA-1,1
CATCAAGGTAAGTAGT-1,1
CATCAAGGTGCTGTAT-1,1
CATCAGAAGCCAGGAT-1,1
CATCAGACAGGTGGAT-1,2
CATCAGACAGTGAGTG-1,5
CATCAGAGTGTCGCTG-1,1
CATCAGAGTTCCAACA-1,2
CATCAGATCCATTCTA-1,2
CATCAGATCCGTAGGC-1,1
CATCCACAGCAACGGT-1,2
CATCCACCAAAGTGCG-1,4
CATCCACCAAGGCTCC-1,1
CATCCACCAATGGAGC-1,2
CATCCACCACCTCGGA-1,2
CATCCACGTACATCCA-1,2
CATCCACGTTATCGGT-1,1
CATCGAAAGAAAGTGG-1,3
CATCGAAAGATGAGAG-1,2
CATCGAAAGTATCTCG-1,2
CATCGAACAAATACAG-1,1
CATCGAAGTCTAGTGT-1,3
CATCGAAGTGGCAAAC-1,1
CATCGAAGTTCCACGG-1,2
CATCGAATCAACCAAC-1,2
CATCGAATCACAGTAC-1,2
CATCGAATCATCTGTT-1,1
CATCGAATCGTTTGCC-1,3
CATCGGGAGTTGTAGA-1,1
CATCGGGCAAGCCGCT-1,2
CATCGGGCACCGCTAG-1,2
CATCGGGCAGAGCCAA-1,1
CATCGGGCAGCGATCC-1,2
CATCGGGGTAGCGCTC-1,1
CATCGGGGTGTGAAAT-1,2
CATCGGGTCTGTTGAG-1,2
CATGACAAGACTAGGC-1,1
CATGACAAGGGTGTTG-1,2
CATGACACACCGTTGG-1,1
CATGACAGTACCTACA-1,1
CATGACAGTATCACCA-1,1
CATGACAGTCAACATC-1,1
CATGACAGTTGGTTTG-1,1
CATGCCTAGCTGCCCA-1,2
CATGCCTAGTACGCGA-1,2
CATGCCTCAAGAGTCG-1,4
CATGCCTCAGCGAACA-1,1
CATGCCTCAGTACACT-1,2
CATGCCTGTCCATGAT-1,1
CATGCCTGTCGGATCC-1,2
CATGCCTTCTCTGTCG-1,3
CATGCCTTCTGTTGAG-1,2
CATGGCGAGCACCGCT-1,1
CATGGCGAGCCGATTT-1,1
CATGGCGAGGACATTA-1,1
CATGGCGAGTCGAGTG-1,2
CATGGCGAGTTCGCGC-1,2
CATGGCGGTACGCTGC-1,3
CATGGCGGTGTTCTTT-1,1
CATGGCGTCGGCATCG-1,2
CATGGCGTCGTCACGG-1,1
CATGGCGTCGTTTAGG-1,3
CATTATCAGAGGGCTT-1,2
CATTATCAGCGGATCA-1,2
CATTATCAGGCCCTTG-1,2
CATTATCCACCGAATT-1,1
CATTATCCATACTCTT-1,2
CATTATCGTACGCTGC-1,2
CATTATCGTAGTAGTA-1,3
CATTATCGTTCGTGAT-1,2
CATTCGCAGGCGCTCT-1,1
CATTCGCAGTGACTCT-1,3
CATTCGCCATCTCGCT-1,1
CATTCGCCATGTTGAC-1,1
CATTCGCTCGGTTAAC-1,2
CCAATCCAGAAGAAGC-1,1
CCAATCCAGCATGGCA-1,1
CCAATCCAGTGCGATG-1,1
CCAATCCCAACGCACC-1,1
CCAATCCCAATGTTGC-1,2
CCAATCCCACACCGCA-1,2
CCAATCCCACGAGAGT-1,1
CCAATCCCACGGATAG-1,3
CCAATCCCAGATGGCA-1,2
CCAATCCCATCCGTGG-1,2
CCAATCCGTTGCTCCT-1,1
CCAATCCTCATCATTC-1,5
CCAATCCTCGTTACAG-1,2
CCACCTAAGAAAGTGG-1,1
CCACCTAAGAGACTTA-1,1
CCACCTAAGATGTTAG-1,1
CCACCTAAGCGAGAAA-1,2
CCACCTAAGGAACTGC-1,2
CCACCTAAGGCTAGAC-1,2
CCACCTAAGTATCTCG-1,1
CCACCTACACGCATCG-1,2
CCACCTACAGAGCCAA-1,2
CCACCTACATTGCGGC-1,5
CCACCTAGTATAGGTA-1,2
CCACCTATCCAAACTG-1,1
CCACCTATCTGCGACG-1,3
CCACCTATCTGTCCGT-1,2
CCACGGACAGCCTATA-1,1
CCACGGAGTACATGTC-1,2
CCACGGAGTCCCTACT-1,3
CCACGGAGTCGGCACT-1,2
CCACGGATCTGCTGTC-1,2
CCACGGATCTTGTCAT-1,2
CCACTACAGAATCTCC-1,1
CCACTACCACTCAGGC-1,1
CCACTACCATTACGAC-1,2
CCACTACGTAGCGTGA-1,1
CCACTACGTGTGCCTG-1,1
CCACTACGTGTTCTTT-1,1
CCACTACTCGCCGTGA-1,2
CCACTACTCTAAGCCA-1,1
CCAGCGAAGACCTTTG-1,2
CCAGCGAAGTGCCAGA-1,2
CCAGCGACATCGATGT-1,1
CCAGCGATCGGTGTCG-1,5
CCAGCGATCTGAGGGA-1,2
CCATGTCAGAGGTACC-1,2
CCATGTCAGTGGGATC-1,2
CCATGTCAGTGTACTC-1,1
CCATGTCCAACGATCT-1,2
CCATGTCCAGCCAGAA-1,1
CCATGTCCAGTTCCCT-1,1
CCATGTCGTCAGAATA-1,2
CCATGTCGTCCGTCAG-1,2
CCATGTCGTTGGTGGA-1,1
CCATGTCTCCGGGTGT-1,2
CCATTCGAGAATCTCC-1,2
CCATTCGAGAGCTTCT-1,1
CCATTCGAGCTCCTTC-1,2
CCATTCGCAAGGGTCA-1,1
CCATTCGGTCAGAAGC-1,1
CCATTCGGTGCAACGA-1,1
CCATTCGGTTGGTAAA-1,2
CCATTCGTCGCGTTTC-1,1
CCATTCGTCGTTTGCC-1,1
CCCAATCAGAGGTAGA-1,1
CCCAATCCAGCTGCTG-1,1
CCCAATCGTCGAATCT-1,2
CCCAATCGTGATAAAC-1,1
CCCAATCGTTACGACT-1,1
CCCAATCTCACCATAG-1,1
CCCAATCTCCGCAGTG-1,1
CCCAATCTCTAGCACA-1,4
CCCAGTTAGATACACA-1,1
CCCAGTTGTAGTGAAT-1,5
CCCAGTTGTTCATGGT-1,1
CCCAGTTTCCAGAGGA-1,2
CCCAGTTTCTGCGGCA-1,1
CCCATACAGACTAGGC-1,1
CCCATACAGTAATCCC-1,2
CCCATACCAAACAACA-1,2
CCCATACCAACGATGG-1,2
CCCATACCAATAACGA-1,3
CCCATACCACAGAGGT-1,1
CCCATACCACCGGAAA-1,2
CCCATACCAGCTGTGC-1,2
CCCATACCAGTAACGG-1,1
CCCATACCAGTTCCCT-1,1
CCCATACGTCACACGC-1,1
CCCATACGTGCAACGA-1,1
CCCATACGTTGCGCAC-1,1
CCCATACGTTTGTGTG-1,2
CCCATACTCATAGCAC-1,1
CCCTCCTAGAGCCTAG-1,1
CCCTCCTAGCCATCGC-1,2
CCCTCCTAGCTAGTTC-1,2
CCCTCCTAGTAGGTGC-1,1
CCCTCCTCAAATACAG-1,1
CCCTCCTCACAACGCC-1,1
CCCTCCTCATGTAGTC-1,2
CCGGGATAGATCCCAT-1,1
CCGGGATAGTAGGTGC-1,1
CCGGGATCATCGACGC-1,1
CCGGGATGTATATCCG-1,1
CCGGGATGTATGGTTC-1,2
CCGGGATTCTTACCTA-1,4
CCGGGATTCTTAGCCC-1,2
CCGGTAGAGATAGCAT-1,2
CCGGTAGAGCGTCAAG-1,2
CCGGTAGCAGATGGGT-1,1
CCGGTAGCAGCCAATT-1,1
CCGGTAGCATCGATGT-1,1
CCGGTAGGTCCAGTTA-1,2
CCGGTAGGTCGGCATC-1,2
CCGGTAGGTGACTACT-1,2
CCGGTAGTCGTCGTTC-1,2
CCGTACTAGAAACGAG-1,2
CCGTACTAGGAGTTGC-1,2
CCGTACTAGGGCTCTC-1,1
CCGTACTAGGTGCACA-1,2
CCGTACTAGGTGTGGT-1,1
CCGTACTCAACTGCGC-1,1
CCGTACTCAGGGCATA-1,2
CCGTACTGTGTTTGTG-1,1
CCGTACTGTTTGTGTG-1,1
CCGTACTTCAAACCGT-1,2
CCGTACTTCATAAAGG-1,1
CCGTACTTCCTATTCA-1,1
CCGTACTTCCTTAATC-1,1
CCGTACTTCTGCGACG-1,1
CCGTGGAAGAACTGTA-1,1
CCGTGGAAGCTAGTTC-1,1
CCGTGGAAGCTGAACG-1,1
CCGTGGACAAGGGTCA-1,2
CCGTGGACAATGGAAT-1,1
CCGTGGACAGCAGTTT-1,2
CCGTGGAGTCCAGTAT-1,1
CCGTGGAGTCGCTTTC-1,2
CCGTGGAGTGATAAGT-1,2
CCGTGGAGTTACGCGC-1,1
CCGTGGATCCACGTTC-1,2
CCGTTCAAGACGACGT-1,1
CCGTTCAAGCTAGCCC-1,1
CCGTTCAAGGGCATGT-1,4
CCGTTCAAGTCAATAG-1,1
CCGTTCACAGGTTTCA-1,3
CCGTTCACATCACGTA-1,1
CCGTTCAGTGGTACAG-1,1
CCGTTCATCCGCAGTG-1,1
CCTAAAGAGCTGAAAT-1,1
CCTAAAGCAAAGGTGC-1,1
CCTAAAGCAGCTGTAT-1,1
CCTAAAGCATCCTAGA-1,1
CCTAAAGGTGACTCAT-1,1
CCTAAAGTCCACGTTC-1,2
CCTACACAGCTTATCG-1,2
CCTACACCAAAGAATC-1,2
CCTACACGTACGAAAT-1,2
CCTACACGTGCCTTGG-1,3
CCTACACGTTCCATGA-1,2
CCTACACTCCTAAGTG-1,1
CCTACACTCTCGATGA-1,2
CCTACACTCTTGTTTG-1,1
CCTACCAAGAGTACCG-1,1
CCTACCAAGATCTGAA-1,1
CCTACCAAGGTAGCCA-1,2
CCTACCACAAGTTAAG-1,1
CCTACCACAGACTCGC-1,2
CCTACCAGTATCAGTC-1,2
CCTACCAGTCACCCAG-1,2
CCTACCAGTCATTAGC-1,1
CCTACCAGTCCAGTTA-1,1
CCTACCAGTCGACTAT-1,1
CCTACCAGTCGCCATG-1,2
CCTACCATCAAAGTAG-1,2
CCTAGCTAGGATCGCA-1,3
CCTAGCTAGGGAACGG-1,4
CCTAGCTCAAGGCTCC-1,1
CCTAGCTCACACCGCA-1,2
CCTAGCTCACCAACCG-1,1
CCTAGCTCAGACGCCT-1,2
CCTAGCTCATGAACCT-1,1
CCTAGCTCATGGATGG-1,1
CCTAGCTCATGGTTGT-1,1
CCTAGCTGTACCGAGA-1,1
CCTAGCTGTTGAACTC-1,4
CCTAGCTTCCAGTATG-1,2
CCTAGCTTCCCTTGCA-1,1
CCTAGCTTCTACCAGA-1,1
CCTATTAAGATGGGTC-1,2
CCTATTAAGCGTTTAC-1,2
CCTATTAAGTAACCCT-1,1
CCTATTACACGAGAGT-1,3
CCTATTACAGCGAACA-1,1
CCTATTAGTCTCTTTA-1,2
CCTATTAGTGCAACTT-1,2
CCTATTAGTGGGTCAA-1,2
CCTATTATCACCTTAT-1,2
CCTCAGTAGAGCCTAG-1,3
CCTCAGTAGTATCTCG-1,1
CCTCAGTCACTCAGGC-1,2
CCTCAGTCAGCCAATT-1,2
CCTCAGTCAGCTCGCA-1,2
CCTCAGTGTCTTGTCC-1,1
CCTCAGTGTGAAGGCT-1,2
CCTCAGTGTGACCAAG-1,1
CCTCAGTGTGTCAATC-1,1
CCTCAGTTCACTTATC-1,5
CCTCAGTTCAGGCAAG-1,1
CCTCAGTTCCGCATAA-1,1
CCTCAGTTCCGCGCAA-1,1
CCTCAGTTCGGCATCG-1,1
CCTCTGAAGAAGCCCA-1,1
CCTCTGACAAAGTGCG-1,2
CCTCTGACAAGCGCTC-1,2
CCTCTGACACAGCCCA-1,2
CCTCTGACACCGCTAG-1,1
CCTCTGACACCTTGTC-1,1
CCTCTGACACGGCTAC-1,2
CCTCTGACATACAGCT-1,2
CCTCTGAGTATGAAAC-1,1
CCTCTGAGTTACTGAC-1,1
CCTCTGATCAGAGCTT-1,1
CCTCTGATCAGTTTGG-1,1
CCTCTGATCTAACGGT-1,3
CCTCTGATCTTAGAGC-1,2
CCTTACGAGAATGTTG-1,3
CCTTACGAGATCTGAA-1,1
CCTTACGAGGAGTTTA-1,1
CCTTACGAGGCTACGA-1,2
CCTTACGAGGTAGCCA-1,3
CCTTACGAGTAGGTGC-1,3
CCTTACGGTAGCGTCC-1,2
CCTTACGTCTTGCAAG-1,1
CCTTCCCAGATCTGCT-1,1
CCTTCCCGTATGCTTG-1,2
CCTTCCCGTTACAGAA-1,2
CCTTCCCGTTCTGTTT-1,2
CCTTCCCTCACTGGGC-1,2
CCTTCCCTCCCATTAT-1,2
CCTTCCCTCGCTAGCG-1,2
CCTTCGAAGACTACAA-1,2
CCTTCGAAGTGAACGC-1,1
CCTTCGAAGTGGTAGC-1,2
CCTTCGAAGTTAAGTG-1,1
CCTTCGAAGTTCGCGC-1,2
CCTTCGACAAAGCAAT-1,1
CCTTCGACACGGCTAC-1,1
CCTTCGATCGAGCCCA-1,4
CCTTTCTCACCAGCAC-1,2
CCTTTCTCATAGGATA-1,2
CCTTTCTCATATACGC-1,1
CCTTTCTGTAAAGTCA-1,2
CCTTTCTGTGCACGAA-1,1
CCTTTCTGTGGCTCCA-1,1
CCTTTCTGTTGGACCC-1,2
CCTTTCTTCAGTCCCT-1,1
CCTTTCTTCTTAGAGC-1,3
CGAACATCAATGAATG-1,1
CGAACATGTAGCGATG-1,1
CGAACATGTCCAACTA-1,1
CGAACATTCTTGGGTA-1,2
CGAATGTAGAATGTGT-1,2
CGAATGTAGAGTAATC-1,1
CGAATGTAGCCGGTAA-1,2
CGAATGTAGTCTCCTC-1,1
CGAATGTCAATTCCTT-1,2
CGAATGTCACCTATCC-1,1
CGAATGTCATTAGGCT-1,1
CGAATGTGTTTACTCT-1,1
CGAATGTTCAAGGCTT-1,1
CGAATGTTCAGCGATT-1,1
CGACCTTAGAGTACCG-1,1
CGACCTTAGATCCCAT-1,2
CGACCTTAGCAACGGT-1,3
CGACCTTAGTATGACA-1,2
CGACCTTAGTGGACGT-1,2
CGACCTTCAAACGTGG-1,2
CGACCTTCAATGTTGC-1,1
CGACCTTCATCGGAAG-1,2
CGACCTTCATGCCTTC-1,2
CGACCTTCATGTCTCC-1,1
CGACCTTGTAGCGATG-1,1
CGACTTCAGTCTCAAC-1,2
CGACTTCCACCAGGTC-1,3
CGACTTCCAGATAATG-1,4
CGACTTCGTGATGTCT-1,2
CGACTTCGTGGACGAT-1,2
CGACTTCGTGTATGGG-1,2
CGACTTCTCCGGGTGT-1,1
CGACTTCTCTCCGGTT-1,2
CGAGAAGAGAAACCAT-1,2
CGAGAAGAGAATCTCC-1,2
CGAGAAGCAAACCTAC-1,1
CGAGAAGCACAACGCC-1,1
CGAGAAGGTAAATGTG-1,3
CGAGAAGTCAGCACAT-1,2
CGAGAAGTCATAACCG-1,2
CGAGAAGTCCACGACG-1,3
CGAGAAGTCTGGAGCC-1,1
CGAGCACAGCCACCTG-1,2
CGAGCACAGTGCCAGA-1,2
CGAGCACCAAACTGTC-1,2
CGAGCACCACGGCTAC-1,2
CGAGCACCATCGGACC-1,2
CGAGCACGTATAGGGC-1,1
CGAGCACTCCGCGGTA-1,3
CGAGCACTCCTCTAGC-1,1
CGAGCCAAGACAATAC-1,1
CGAGCCAAGATTACCC-1,1
CGAGCCAAGCTAGTCT-1,1
CGAGCCAAGGAGTTGC-1,1
CGAGCCAAGTCCGTAT-1,1
CGAGCCACACCTCGTT-1,3
CGAGCCACAGCATACT-1,1
CGAGCCAGTCGCTTTC-1,5
CGAGCCATCCACGTGG-1,1
CGAGCCATCGCCTGTT-1,1
CGATCGGAGTACGTTC-1,2
CGATCGGAGTGGTCCC-1,2
CGATCGGAGTTCGCAT-1,2
CGATCGGCAAGGTTCT-1,2
CGATCGGCAGCTGGCT-1,1
CGATCGGCAGGCTGAA-1,1
CGATCGGGTAAGGGAA-1,1
CGATCGGGTCGACTAT-1,2
CGATCGGGTCGCGAAA-1,2
CGATCGGGTTACGACT-1,1
CGATCGGTCCTCGCAT-1,2
CGATGGCAGTACATGA-1,2
CGATGGCAGTATCGAA-1,1
CGATGGCCAAAGCAAT-1,2
CGATGGCCAAATACAG-1,1
CGATGGCGTGTAAGTA-1,1
CGATGGCTCTATCCCG-1,1
CGATGTAAGCGCCTTG-1,1
CGATGTAAGGTCGGAT-1,3
CGATGTACACGACGAA-1,1
CGATGTACATAGTAAG-1,2
CGATGTAGTAAGCACG-1,2
CGATGTAGTAAGGATT-1,1
CGATGTAGTCGATTGT-1,2
CGATGTAGTGAGGCTA-1,1
CGATGTAGTGAGTATA-1,1
CGATGTATCACTCCTG-1,1
CGATGTATCGCGATCG-1,2
CGATGTATCTCCTATA-1,1
CGATTGAAGATAGCAT-1,2
CGATTGACACCCATGG-1,2
CGATTGACAGTTAACC-1,2
CGATTGAGTGACTACT-1,2
CGATTGAGTGGACGAT-1,1
CGATTGATCCTGTACC-1,1
CGATTGATCGTGGACC-1,1
CGATTGATCTCCGGTT-1,2
CGCCAAGAGCGATTCT-1,2
CGCCAAGCAGCTATTG-1,1
CGCCAAGGTACAAGTA-1,1
CGCCAAGGTGAGGGTT-1,1
CGCCAAGGTGATGCCC-1,1
CGCCAAGGTGGCAAAC-1,1
CGCCAAGTCACAGTAC-1,1
CGCCAAGTCCCATTTA-1,2
CGCCAAGTCTTCTGGC-1,2
CGCGGTACAAGGCTCC-1,1
CGCGGTACATTTCACT-1,2
CGCGGTAGTCGAAAGC-1,2
CGCGGTAGTCTTGCGG-1,2
CGCGGTAGTGCACTTA-1,1
CGCGGTAGTTGCTCCT-1,2
CGCGGTATCTGTCTCG-1,2
CGCGTTTAGATAGTCA-1,1
CGCGTTTAGCGTGAGT-1,2
CGCGTTTCAACACCTA-1,1
CGCGTTTCAATTCCTT-1,1
CGCGTTTCACCCATTC-1,1
CGCGTTTCATCGTCGG-1,1
CGCGTTTGTTATCCGA-1,2
CGCGTTTTCCGCGGTA-1,2
CGCGTTTTCGGTGTTA-1,1
CGCTATCAGGCATGTG-1,2
CGCTATCAGTTAGCGG-1,1
CGCTATCCAAGACACG-1,2
CGCTATCCAAGCGTAG-1,2
CGCTATCCACACCGAC-1,1
CGCTATCCACGTAAGG-1,2
CGCTATCCATCACCCT-1,1
CGCTATCGTGCGCTTG-1,1
CGCTATCGTGGCCCTA-1,1
CGCTATCTCAGCAACT-1,2
CGCTATCTCTTCAACT-1,2
CGCTATCTCTTCATGT-1,1
CGCTGGAAGCAGACTG-1,2
CGCTGGAAGCCAACAG-1,1
CGCTGGAAGCGCTTAT-1,1
CGCTGGAAGGAATCGC-1,2
CGCTGGACATTGGTAC-1,1
CGCTGGAGTACCAGTT-1,2
CGCTGGAGTCACCTAA-1,2
CGCTGGAGTGGTAACG-1,1
CGCTGGATCAAAGTAG-1,1
CGCTTCAAGAGACGAA-1,2
CGCTTCAAGAGACTTA-1,1
CGCTTCAAGATAGCAT-1,2
CGCTTCAAGGAACTGC-1,3
CGCTTCAAGGCGATAC-1,2
CGCTTCAAGGCTAGGT-1,2
CGCTTCATCAACACCA-1,1
CGCTTCATCGCAAACT-1,5
CGCTTCATCGTAGATC-1,1
CGCTTCATCTGCAGTA-1,1
CGGACACAGAAACGCC-1,2
CGGACACAGAACTGTA-1,2
CGGACACAGACAGAGA-1,2
CGGACACAGAGCTGGT-1,3
CGGACACAGCGATTCT-1,2
CGGACACAGCTTCGCG-1,2
CGGACACCAATAGAGT-1,1
CGGACACCATTGTGCA-1,1
CGGACACGTAAACGCG-1,2
CGGACACGTAGTACCT-1,3
CGGACACGTGCGAAAC-1,2
CGGACACTCACGCATA-1,1
CGGACACTCGCCATAA-1,2
CGGACGTAGGAGTTGC-1,2
CGGACGTAGTTAGCGG-1,2
CGGACGTCACAGGTTT-1,2
CGGACGTGTAAACGCG-1,1
CGGACGTGTAGTGAAT-1,1
CGGACGTGTGCGAAAC-1,2
CGGACGTGTGCTCTTC-1,2
CGGACGTTCCACTCCA-1,2
CGGACGTTCCTTTCTC-1,2
CGGACGTTCGCCAAAT-1,1
CGGACTGAGAGGTTAT-1,2
CGGACTGAGCGATATA-1,2
CGGACTGAGTGAACAT-1,1
CGGACTGAGTGTTAGA-1,2
CGGACTGAGTTGCAGG-1,2
CGGACTGGTAGCGATG-1,1
CGGACTGGTCTGATCA-1,1
CGGACTGGTGAAATCA-1,4
CGGACTGTCATCATTC-1,2
CGGACTGTCCAGTAGT-1,2
CGGACTGTCTATGTGG-1,2
CGGAGCTAGGTGCAAC-1,1
CGGAGCTAGTAGGCCA-1,2
CGGAGCTCAAACGTGG-1,1
CGGAGCTCAACGATGG-1,2
CGGAGCTCAACTTGAC-1,2
CGGAGCTCACCCATGG-1,2
CGGAGCTCACGACGAA-1,3
CGGAGCTCATGTCGAT-1,1
CGGAGCTGTAAGTGGC-1,1
CGGAGCTGTCATATCG-1,1
CGGAGCTGTCTAACGT-1,2
CGGAGCTTCCAAATGC-1,1
CGGAGTCAGGCTAGGT-1,2
CGGAGTCCAAGAGGCT-1,1
CGGAGTCCACATTTCT-1,1
CGGAGTCCACCGTTGG-1,2
CGGAGTCCAGGGTACA-1,1
CGGAGTCTCACCTCGT-1,1
CGGAGTCTCATCTGTT-1,2
CGGAGTCTCGCGGATC-1,1
CGGAGTCTCTCGAGTA-1,2
CGGCTAGAGCTGCAAG-1,2
CGGCTAGCAGTATAAG-1,4
CGGCTAGGTCGCTTTC-1,1
CGGCTAGTCTAGAGTC-1,1
CGGGTCACAAGTCATC-1,1
CGGGTCACACAGTCGC-1,2
CGGGTCACATCTGGTA-1,1
CGGGTCAGTAAATGAC-1,2
CGGGTCAGTCAGCTAT-1,2
CGGGTCAGTCAGTGGA-1,5
CGGGTCAGTCTGGTCG-1,1
CGGGTCAGTGTTGGGA-1,1
CGGGTCATCCCATTTA-1,2
CGGGTCATCCTAGAAC-1,1
CGGGTCATCGTACCGG-1,1
CGGTTAAAGAGTTGGC-1,2
CGGTTAAAGCGACGTA-1,2
CGGTTAAAGTCCAGGA-1,2
CGGTTAACAAGCCATT-1,1
CGGTTAAGTACAGCAG-1,1
CGGTTAAGTAGGGTAC-1,1
CGGTTAAGTATAGGGC-1,1
CGGTTAAGTCTCCATC-1,2
CGGTTAAGTGCAACTT-1,2
CGGTTAATCTGACCTC-1,1
CGGTTAATCTTAACCT-1,3
CGTAGCGAGAAGGCCT-1,1
CGTAGCGAGACGACGT-1,3
CGTAGCGAGCCAGTAG-1,1
CGTAGCGAGCTAGTGG-1,2
CGTAGCGAGGTGCTAG-1,2
CGTAGCGAGTGTTAGA-1,1
CGTAGCGGTATCAGTC-1,1
CGTAGCGGTATGGTTC-1,1
CGTAGCGGTCCTAGCG-1,1
CGTAGCGGTTAAAGTG-1,2
CGTAGCGGTTATGCGT-1,2
CGTAGCGTCTGTCTCG-1,1
CGTAGGCAGGCAGTCA-1,3
CGTAGGCAGTGGGATC-1,1
CGTAGGCCAATAGCAA-1,1
CGTAGGCCAGCATACT-1,2
CGTAGGCCAGGATCGA-1,2
CGTCACTAGGAGCGAG-1,3
CGTCACTGTATTCTCT-1,2
CGTCACTGTCAACTGT-1,4
CGTCACTGTGTGCGTC-1,2
CGTCACTTCACCTCGT-1,1
CGTCACTTCCGATATG-1,2
CGTCACTTCCTTTCGG-1,2
CGTCAGGAGAAGGGTA-1,3
CGTCAGGAGCGGCTTC-1,2
CGTCAGGAGGACGAAA-1,1
CGTCAGGCAAGCCCAC-1,1
CGTCAGGCAATACGCT-1,2
CGTCAGGCACGGTAGA-1,1
CGTCAGGCATATACGC-1,2
CGTCAGGTCGAATCCA-1,2
CGTCAGGTCGACCAGC-1,3
CGTCAGGTCTTTACGT-1,1
CGTCCATAGACCTTTG-1,1
CGTCCATAGCTAACTC-1,1
CGTCCATAGTACCGGA-1,1
CGTCCATCAAGTAATG-1,1
CGTCCATGTAAGGGCT-1,1
CGTCCATGTCCGCTGA-1,1
CGTCCATTCACCAGGC-1,1
CGTCTACAGCCCAACC-1,3
CGTCTACCACGCGAAA-1,1
CGTCTACCATCCTAGA-1,1
CGTCTACCATTCTCAT-1,1
CGTCTACGTAGTAGTA-1,2
CGTCTACGTCGCCATG-1,1
CGTCTACTCACAAACC-1,2
CGTCTACTCACGCGGT-1,2
CGTCTACTCAGTGCAT-1,2
CGTCTACTCCGTCAAA-1,2
CGTCTACTCTAACGGT-1,1
CGTGAGCAGCGCTTAT-1,1
CGTGAGCAGGCATGTG-1,4
CGTGAGCCACAGAGGT-1,1
CGTGAGCCACTGTTAG-1,1
CGTGAGCCATGGTTGT-1,1
CGTGAGCCATGTTCCC-1,2
CGTGAGCGTACAGCAG-1,1
CGTGAGCGTTACGGAG-1,1
CGTGAGCTCAAAGACA-1,1
CGTGAGCTCCGCGCAA-1,2
CGTGAGCTCCGTCATC-1,2
CGTGAGCTCTCTTGAT-1,1
CGTGAGCTCTGGTATG-1,4
CGTGTAAAGTGGGCTA-1,2
CGTGTAACACCTATCC-1,1
CGTGTAACAGTCAGAG-1,2
CGTGTAACAGTCCTTC-1,1
CGTGTAAGTAGCGTAG-1,3
CGTGTAAGTCTTGTCC-1,2
CGTGTAAGTTACGTCA-1,1
CGTGTAAGTTGTGGAG-1,2
CGTGTAAGTTTAGCTG-1,1
CGTGTCTAGCCCAATT-1,1
CGTGTCTAGCTGCCCA-1,2
CGTGTCTCACCCATTC-1,1
CGTGTCTCACGAAGCA-1,1
CGTGTCTCAGCGAACA-1,1
CGTGTCTCAGCGTCCA-1,1
CGTGTCTGTGAAAGAG-1,2
CGTGTCTGTTGCGTTA-1,1
CGTGTCTTCAAAGACA-1,2
CGTGTCTTCAGAAATG-1,1
CGTTAGAAGCGATAGC-1,1
CGTTAGACAAACCCAT-1,1
CGTTAGACACTTAAGC-1,2
CGTTAGACAGACAAAT-1,2
CGTTAGAGTGGTGTAG-1,2
CGTTAGATCGGTGTTA-1,1
CGTTCTGAGACCTAGG-1,2
CGTTCTGCAAACGCGA-1,1
CGTTCTGCACAGCGTC-1,2
CGTTCTGCACCGCTAG-1,1
CGTTCTGCACTAGTAC-1,1
CGTTCTGCACTGTCGG-1,3
CGTTCTGGTACCAGTT-1,2
CGTTCTGGTACCGCTG-1,2
CGTTCTGGTGCATCTA-1,2
CGTTCTGGTTGATTGC-1,1
CGTTCTGTCTCGCTTG-1,2
CGTTCTGTCTGTTGAG-1,1
CGTTGGGAGATGTTAG-1,2
CGTTGGGAGCTAGCCC-1,1
CGTTGGGCACGGTGTC-1,1
CGTTGGGCACTGCCAG-1,2
CGTTGGGCATATGGTC-1,3
CGTTGGGGTAAACCTC-1,1
CGTTGGGGTTCGGCAC-1,1
CGTTGGGTCAACACTG-1,1
CGTTGGGTCAACGGGA-1,1
CGTTGGGTCTCCAACC-1,2
CTAACTTAGCGCCTCA-1,3
CTAACTTAGTAGCGGT-1,3
CTAACTTGTCTTGATG-1,1
CTAACTTGTGCATCTA-1,2
CTAACTTTCTGGTTCC-1,1
CTAAGACAGTCCCACG-1,2
CTAAGACAGTGTTTGC-1,1
CTAAGACCATGCAACT-1,2
CTAAGACGTAATTGGA-1,2
CTAAGACGTCATCGGC-1,2
CTAAGACGTGAAGGCT-1,3
CTAAGACGTTGGTAAA-1,1
CTAAGACTCACCCGAG-1,3
CTAAGACTCAGCCTAA-1,2
CTAATGGAGCACAGGT-1,2
CTAATGGAGGCTCATT-1,1
CTAATGGCAAACTGTC-1,3
CTAATGGCAAATACAG-1,2
CTAATGGCACCAACCG-1,2
CTAATGGCAGGCGATA-1,1
CTAATGGCAGTATAAG-1,2
CTAATGGCATACCATG-1,1
CTAATGGGTCTCCCTA-1,1
CTAATGGTCACGCATA-1,2
CTACACCAGCTCTCGG-1,1
CTACACCAGTCTCAAC-1,1
CTACACCCAAAGTCAA-1,4
CTACACCCAAGGTTCT-1,2
CTACACCCACCGCTAG-1,2
CTACACCCAGAGCCAA-1,2
CTACACCTCAGTTCGA-1,1
CTACACCTCGCTAGCG-1,2
CTACACCTCGTATCAG-1,2
CTACACCTCTGCGTAA-1,1
CTACACCTCTGTCCGT-1,2
CTACATTAGCATGGCA-1,1
CTACATTCAAGGTTTC-1,2
CTACATTCATCTCCCA-1,1
CTACATTGTGAGTGAC-1,4
CTACATTTCCAGTATG-1,2
CTACATTTCCCTAATT-1,2
CTACATTTCTTGGGTA-1,1
CTACCCAAGAGTACCG-1,2
CTACCCAAGCGTGTCC-1,3
CTACCCAAGGGTTTCT-1,2
CTACCCAAGGTGCTTT-1,2
CTACCCACAGACGCAA-1,2
CTACCCACAGACGCTC-1,2
CTACCCACAGGGTACA-1,1
CTACCCACATCCAACA-1,4
CTACCCAGTGATGTGG-1,2
CTACCCATCACTTCAT-1,1
CTACCCATCAGGCGAA-1,3
CTACGTCAGAGGTTAT-1,2
CTACGTCTCTGGCGTG-1,3
CTACGTCTCTTGTACT-1,1
CTAGAGTAGAATTGTG-1,1
CTAGAGTAGATAGCAT-1,1
CTAGAGTCACTTCGAA-1,1
CTAGAGTCAGAGCCAA-1,1
CTAGAGTCATCCCACT-1,1
CTAGAGTGTATCGCAT-1,2
CTAGAGTTCAGCACAT-1,2
CTAGAGTTCGGAAATA-1,2
CTAGAGTTCTCTTGAT-1,2
CTAGCCTAGGTGATTA-1,1
CTAGCCTAGTACCGGA-1,4
CTAGCCTCAAACGTGG-1,2
CTAGCCTCACTTGGAT-1,1
CTAGCCTCATGACGGA-1,4
CTAGCCTGTAAGTGGC-1,2
CTAGCCTGTCGGGTCT-1,1
CTAGCCTGTGGTCTCG-1,2
CTAGCCTTCCGTAGTA-1,1
CTAGTGAAGGGCATGT-1,3
CTAGTGACACGCCAGT-1,1
CTAGTGACACGCGAAA-1,2
CTAGTGACAGTGGAGT-1,2
CTAGTGAGTACGCTGC-1,2
CTAGTGAGTAGCACGA-1,3
CTAGTGAGTCACTTCC-1,5
CTAGTGAGTCCAGTTA-1,1
CTAGTGAGTTTAAGCC-1,2
CTAGTGATCGGCATCG-1,3
CTAGTGATCGGCGGTT-1,5
CTCACACAGGACAGCT-1,1
CTCACACAGGCGCTCT-1,1
CTCACACCAAAGGCGT-1,1
CTCACACCAGACAAGC-1,3
CTCACACGTAGCGTCC-1,2
CTCACACGTCATACTG-1,3
CTCACACTCCATGAAC-1,2
CTCACACTCGACCAGC-1,1
CTCAGAAAGAGCTGGT-1,1
CTCAGAAAGCTTTGGT-1,2
CTCAGAAAGTGTACTC-1,1
CTCAGAAGTGTGTGCC-1,1
CTCAGAATCACCGTAA-1,1
CTCAGAATCAGAGGTG-1,1
CTCATTAAGAGTACAT-1,2
CTCATTAAGCCATCGC-1,1
CTCATTAAGTCCGGTC-1,2
CTCATTACAACTTGAC-1,1
CTCATTACAGGGAGAG-1,2
CTCATTACATAAAGGT-1,2
CTCATTACATGAGCGA-1,2
CTCATTAGTCCGAGTC-1,2
CTCATTATCATTTGGG-1,1
CTCATTATCCACGACG-1,2
CTCATTATCGTCCGTT-1,2
CTCCTAGAGACTGGGT-1,2
CTCCTAGAGCCATCGC-1,2
CTCCTAGGTACAGCAG-1,1
CTCCTAGGTCCGAAGA-1,2
CTCCTAGGTGCAGGTA-1,2
CTCCTAGGTGTTGAGG-1,2
CTCCTAGGTTATCACG-1,1
CTCGAAAAGATTACCC-1,2
CTCGAAAAGTGGAGTC-1,2
CTCGAAACAACTGCGC-1,2
CTCGAAACAAGTAGTA-1,1
CTCGAAACACCAGCAC-1,2
CTCGAAACAGCTGTAT-1,3
CTCGAAACATACAGCT-1,2
CTCGAAAGTTACAGAA-1,1
CTCGAAATCAAACGGG-1,1
CTCGAAATCCTATTCA-1,2
CTCGAAATCGCTAGCG-1,5
CTCGAGGAGAGCCTAG-1,1
CTCGAGGAGGAATCGC-1,2
CTCGAGGCATACGCTA-1,1
CTCGAGGCATGGTAGG-1,2
CTCGAGGGTATAGTAG-1,1
CTCGAGGGTTGGTGGA-1,2
CTCGAGGTCCGGGTGT-1,5
CTCGAGGTCCGTCAAA-1,2
CTCGGAGAGAATTGTG-1,1
CTCGGAGCAAACTGTC-1,1
CTCGGAGGTTCAGTAC-1,1
CTCGGAGTCTGTTTGT-1,2
CTCGGAGTCTTGACGA-1,2
CTCGGGAAGACGACGT-1,1
CTCGGGAAGACTGTAA-1,2
CTCGGGAAGCTGTTCA-1,2
CTCGGGAAGGCTCAGA-1,2
CTCGGGACAAAGCAAT-1,1
CTCGGGACACATTAGC-1,2
CTCGGGACAGCTGCTG-1,1
CTCGGGACATCGATGT-1,2
CTCGGGAGTACATGTC-1,1
CTCGGGAGTAGTGAAT-1,2
CTCGGGAGTGAGCGAT-1,1
CTCGGGAGTTAAAGTG-1,1
CTCGGGATCATGCATG-1,1
CTCGGGATCGGAAACG-1,3
CTCGGGATCTGCGACG-1,2
CTCGTACAGCGATGAC-1,1
CTCGTACAGCGTGTCC-1,2
CTCGTACAGTCTCAAC-1,3
CTCGTACAGTTCGATC-1,3
CTCGTACCACCAGGCT-1,2
CTCGTACCACTGTCGG-1,2
CTCGTACGTAAACCTC-1,1
CTCGTACGTACATCCA-1,1
CTCGTACTCGGCTTGG-1,3
CTCGTCACAAGCTGAG-1,1
CTCGTCACAGACACTT-1,1
CTCGTCACAGCTGCAC-1,3
CTCGTCACAGGCTCAC-1,1
CTCGTCAGTCATATGC-1,1
CTCGTCAGTGAAATCA-1,1
CTCGTCAGTGTTTGGT-1,3
CTCGTCATCAAGATCC-1,1
CTCGTCATCACTATTC-1,1
CTCGTCATCAGATAAG-1,2
CTCGTCATCAGGATCT-1,1
CTCGTCATCTTCGAGA-1,3
CTCTAATAGACAGAGA-1,2
CTCTAATAGGGAACGG-1,1
CTCTAATAGTTTCCTT-1,3
CTCTAATCACGTAAGG-1,1
CTCTAATCACTGTGTA-1,2
CTCTAATCAGACTCGC-1,2
CTCTAATGTCAAACTC-1,2
CTCTAATGTGTTCGAT-1,4
CTCTAATTCACCACCT-1,2
CTCTAATTCAGAGACG-1,2
CTCTACGAGATCCCGC-1,2
CTCTACGCAAGGTTCT-1,4
CTCTACGCAGCTGCAC-1,2
CTCTACGTCCAAGCCG-1,1
CTCTACGTCTTGCCGT-1,1
CTCTGGTAGAGTTGGC-1,1
CTCTGGTAGATCCTGT-1,1
CTCTGGTAGCGATATA-1,2
CTCTGGTAGCGTCTAT-1,1
CTCTGGTAGGGTTCCC-1,1
CTCTGGTAGTGAATTG-1,1
CTCTGGTCACACCGCA-1,1
CTCTGGTCACTGTCGG-1,2
CTCTGGTGTGCAGACA-1,1
CTCTGGTGTGTGCGTC-1,1
CTCTGGTGTTGGTAAA-1,2
CTCTGGTTCAAGCCTA-1,1
CTCTGGTTCACTATTC-1,3
CTCTGGTTCGTCTGAA-1,1
CTCTGGTTCTTTAGGG-1,2
CTGAAACAGTAGCGGT-1,1
CTGAAACCAAGGTTCT-1,2
CTGAAACCAGCGTTCG-1,1
CTGAAACCATTCCTGC-1,3
CTGAAACGTAAACACA-1,3
CTGAAACGTCGCATCG-1,1
CTGAAACTCATTGCGA-1,1
CTGAAACTCTGATACG-1,2
CTGAAGTAGACAGACC-1,2
CTGAAGTAGCCATCGC-1,2
CTGAAGTCAAAGAATC-1,1
CTGAAGTCACAGATTC-1,1
CTGAAGTCACCTATCC-1,1
CTGAAGTCACGGACAA-1,1
CTGAAGTCAGCTTAAC-1,1
CTGAAGTGTAGCAAAT-1,3
CTGAAGTGTCCGTTAA-1,1
CTGAAGTTCACGACTA-1,1
CTGAAGTTCATCTGCC-1,1
CTGAAGTTCGGCTACG-1,1
CTGATAGAGAATGTGT-1,1
CTGATAGAGGTGTTAA-1,1
CTGATAGAGTGCGTGA-1,2
CTGATAGCAATGGTCT-1,1
CTGATAGCACGAAGCA-1,2
CTGATAGGTCGGATCC-1,2
CTGATAGTCACAGGCC-1,2
CTGATAGTCTCCTATA-1,1
CTGATAGTCTTGTTTG-1,1
CTGATCCAGACAGAGA-1,3
CTGATCCAGTCCTCCT-1,2
CTGATCCCACCAACCG-1,2
CTGATCCCAGATCGGA-1,3
CTGATCCTCAGTCCCT-1,1
CTGATCCTCAGTTGAC-1,1
CTGATCCTCCGCATAA-1,1
CTGCCTAAGCGTTTAC-1,5
CTGCCTAAGTAGCCGA-1,1
CTGCCTAAGTCAATAG-1,2
CTGCCTACACGAAACG-1,2
CTGCCTAGTACAGTTC-1,2
CTGCCTAGTTAAGGGC-1,2
CTGCCTATCGAGAACG-1,1
CTGCCTATCGTCCAGG-1,2
CTGCCTATCTGTCTCG-1,1
CTGCGGAAGACTGGGT-1,2
CTGCGGAAGATCCGAG-1,4
CTGCGGAAGGGATGGG-1,1
CTGCGGACAACGATGG-1,1
CTGCGGACACTGCCAG-1,5
CTGCGGAGTAATAGCA-1,1
CTGCGGAGTCGTCTTC-1,1
CTGCGGAGTGTTTGTG-1,1
CTGCGGATCTGCAAGT-1,1
CTGCTGTAGAAACCAT-1,1
CTGCTGTAGCTAAGAT-1,2
CTGCTGTAGGAGTAGA-1,2
CTGCTGTAGTGGAGTC-1,1
CTGCTGTCAATGCCAT-1,1
CTGCTGTGTAGAGCTG-1,2
CTGCTGTGTGTGAAAT-1,2
CTGCTGTTCGTCACGG-1,1
CTGCTGTTCTAGAGTC-1,2
CTGGTCTAGAGGTTGC-1,1
CTGGTCTAGTGGTCCC-1,1
CTGGTCTCAAACAACA-1,2
CTGGTCTCACGAGAGT-1,1
CTGGTCTTCCCTGACT-1,5
CTGGTCTTCCGTTGTC-1,2
CTGGTCTTCGTATCAG-1,1
CTGGTCTTCGTTTGCC-1,2
CTGGTCTTCTGCAGTA-1,1
CTGTGCTAGAGCCTAG-1,2
CTGTGCTGTCTAGTCA-1,1
CTGTGCTGTGAACCTT-1,1
CTGTGCTGTGGTCTCG-1,2
CTGTGCTGTTATGCGT-1,2
CTGTGCTTCCCATTAT-1,2
CTGTGCTTCGCAAGCC-1,3
CTGTGCTTCTTACCTA-1,2
CTGTTTAAGCGGCTTC-1,2
CTGTTTAAGGTGACCA-1,2
CTGTTTAAGTCCAGGA-1,2
CTGTTTACAGACAAAT-1,2
CTGTTTAGTAGTGAAT-1,2
CTGTTTAGTCGACTAT-1,1
CTGTTTAGTGATGTCT-1,3
CTTAACTAGGCGATAC-1,1
CTTAACTAGTCAAGGC-1,2
CTTAACTCACATTAGC-1,2
CTTAACTCACCACGTG-1,1
CTTAACTCAGACGTAG-1,1
CTTAACTCATCGGAAG-1,1
CTTAACTGTTGGTTTG-1,1
CTTAACTTCGAGAACG-1,3
CTTAACTTCGGCGGTT-1,1
CTTACCGAGAGACTAT-1,1
CTTACCGAGGGAACGG-1,2
CTTACCGCAGCTCGCA-1,2
CTTACCGGTCGAGATG-1,2
CTTACCGGTCTCTTAT-1,1
CTTACCGTCAGCTCTC-1,2
CTTACCGTCAGTCCCT-1,1
CTTACCGTCATCGCTC-1,2
CTTAGGAAGTGAATTG-1,1
CTTAGGACAATGAATG-1,4
CTTAGGACAGGACGTA-1,2
CTTAGGAGTGAGTGAC-1,2
CTTAGGAGTTCCTCCA-1,1
CTTAGGATCACTTCAT-1,1
CTTCTCTAGCGTCAAG-1,2
CTTCTCTCAAGCCGCT-1,2
CTTCTCTCATCGGACC-1,1
CTTCTCTGTACAGACG-1,1
CTTCTCTGTACCGTTA-1,2
CTTCTCTGTGCAGACA-1,1
CTTCTCTTCATGCAAC-1,1
CTTCTCTTCTTTACAC-1,1
CTTGGCTCACTTCTGC-1,1
CTTGGCTCAGTATGCT-1,1
CTTGGCTCAGTTCCCT-1,1
CTTGGCTCATCGATGT-1,2
CTTGGCTTCGGCTACG-1,2
CTTGGCTTCGGTCCGA-1,3
CTTGGCTTCGTGGTCG-1,3
CTTTGCGAGAAACGCC-1,1
CTTTGCGAGGGAGTAA-1,3
CTTTGCGCAAGTACCT-1,1
CTTTGCGCACTTAACG-1,2
CTTTGCGCAGACGCTC-1,2
CTTTGCGCATCGATGT-1,1
CTTTGCGCATCGGACC-1,2
CTTTGCGGTGCAGGTA-1,1
CTTTGCGGTTTGACAC-1,1
CTTTGCGTCAGTCCCT-1,2
CTTTGCGTCGAGAACG-1,2
CTTTGCGTCTTTCCTC-1,1
GAAACTCAGCCAGAAC-1,1
GAAACTCAGTACGTTC-1,1
GAAACTCAGTGTACTC-1,3
GAAACTCCAAAGCAAT-1,2
GAAACTCCAAGGCTCC-1,1
GAAACTCCACGAGAGT-1,2
GAAACTCCATATACCG-1,3
GAAACTCGTCGAAAGC-1,1
GAAACTCGTCGTCTTC-1,1
GAAATGAAGAGCAATT-1,1
GAAATGAAGTAGATGT-1,1
GAAATGACATGTAAGA-1,2
GAAATGAGTCGCGAAA-1,2
GAAATGAGTTGTACAC-1,1
GAAATGATCATAAAGG-1,3
GAAATGATCGTTTGCC-1,1
GAACATCAGGGTGTGT-1,1
GAACATCAGTCATGCT-1,1
GAACATCCAAGCCGTC-1,2
GAACATCCAAGTACCT-1,1
GAACATCCACATCCAA-1,3
GAACATCCAGATAATG-1,1
GAACATCCAGCTATTG-1,2
GAACATCCAGTGAGTG-1,1
GAACATCGTGACTACT-1,2
GAACATCTCATGCTCC-1,2
GAACCTAAGTGGACGT-1,2
GAACCTACAGCCACCA-1,1
GAACCTACAGCGTCCA-1,1
GAACCTAGTACAGACG-1,2
GAACCTAGTCCGTTAA-1,4
GAACCTAGTTCCATGA-1,1
GAACCTAGTTCGGGCT-1,1
GAACCTATCAATCTCT-1,1
GAACCTATCGTTTGCC-1,1
GAACGGACACGAAATA-1,2
GAACGGACATCGATGT-1,1
GAACGGAGTACTTGAC-1,2
GAAGCAGAGATATACG-1,1
GAAGCAGAGATGTCGG-1,2
GAAGCAGAGTTGAGTA-1,1
GAAGCAGCACAGAGGT-1,1
GAAGCAGCAGAGCCAA-1,3
GAAGCAGCATAGGATA-1,2
GAAGCAGCATTTGCTT-1,2
GAAGCAGGTGGACGAT-1,3
GAAGCAGTCACATAGC-1,2
GAAGCAGTCTCTAGGA-1,2
GAAGCAGTCTGGGCCA-1,2
GAATAAGAGAATGTTG-1,2
GAATAAGAGGTCGGAT-1,1
GAATAAGCATTTCAGG-1,4
GAATAAGGTAACGACG-1,2
GAATAAGGTAATCACC-1,2
GAATAAGGTAGCTAAA-1,1
GAATAAGGTGCAACGA-1,2
GAATAAGTCGCGTTTC-1,1
GAATAAGTCTTGTATC-1,1
GAATGAAAGCCGGTAA-1,1
GAATGAACAACCGCCA-1,1
GAATGAACAAGCCATT-1,2
GAATGAAGTAAGGATT-1,1
GAATGAAGTATGAATG-1,1
GAATGAAGTCCAGTGC-1,1
GAATGAAGTCTCCATC-1,1
GAATGAAGTCTCGTTC-1,1
GAATGAAGTGATGTCT-1,1
GAATGAATCTCGTTTA-1,1
GAATGAATCTGGTATG-1,1
GACACGCAGAGGGCTT-1,2
GACACGCAGGCAATTA-1,1
GACACGCAGTGGGTTG-1,1
GACACGCAGTGTCTCA-1,3
GACACGCCAAGGTTTC-1,2
GACACGCGTCTCTCGT-1,1
GACACGCGTGAAATCA-1,1
GACACGCGTGAGGGAG-1,1
GACACGCGTGCAGACA-1,2
GACACGCGTGTGACGA-1,2
GACACGCGTTGCGCAC-1,2
GACACGCTCAACGCTA-1,1
GACAGAGAGAGCTGGT-1,2
GACAGAGCACATTCGA-1,1
GACAGAGCACTGTTAG-1,1
GACAGAGGTCCAACTA-1,2
GACAGAGGTCGCGTGT-1,1
GACAGAGTCACTCCTG-1,2
GACAGAGTCGGCTACG-1,1
GACAGAGTCTGCCCTA-1,1
GACCAATAGGGTCTCC-1,2
GACCAATAGGGTTTCT-1,2
GACCAATAGTTATCGC-1,1
GACCAATCAGACAAGC-1,1
GACCAATCAGCTGGCT-1,1
GACCAATCAGCTTAAC-1,2
GACCAATTCCAACCAA-1,1
GACCTGGCAGAGTGTG-1,2
GACCTGGCATCAGTAC-1,3
GACCTGGCATGGGAAC-1,1
GACCTGGCATTGGTAC-1,2
GACCTGGGTATAGGGC-1,2
GACCTGGTCACAATGC-1,1
GACCTGGTCATCGATG-1,2
GACCTGGTCGAACTGT-1,2
GACCTGGTCTGATACG-1,2
GACGCGTAGAATAGGG-1,1
GACGCGTAGCTAACAA-1,2
GACGCGTAGTGGACGT-1,2
GACGCGTCAGCGATCC-1,4
GACGCGTCAGCTATTG-1,2
GACGCGTCATCGGAAG-1,1
GACGCGTCATTCCTCG-1,3
GACGCGTGTATAAACG-1,1
GACGCGTGTATATGGA-1,2
GACGCGTGTGCGAAAC-1,1
GACGCGTTCCGAACGC-1,1
GACGCGTTCCTACAGA-1,2
GACGCGTTCTAACCGA-1,2
GACGCGTTCTAACTCT-1,3
GACGGCTAGACAAGCC-1,2
GACGGCTAGTACTTGC-1,2
GACGGCTAGTGTACCT-1,2
GACGGCTCACCCATGG-1,2
GACGGCTCAGCAGTTT-1,3
GACGGCTGTACCCAAT-1,1
GACGGCTGTGACAAAT-1,2
GACGGCTGTGTGAAAT-1,1
GACGGCTTCACTTATC-1,2
GACGTGCCAGAGTGTG-1,2
GACGTGCCAGCGTTCG-1,1
GACGTGCCAGCTCGAC-1,2
GACGTGCGTAAGTTCC-1,2
GACGTGCGTATAAACG-1,2
GACGTGCGTCATGCCG-1,1
GACGTGCGTGCGAAAC-1,1
GACGTGCTCGGTGTCG-1,2
GACGTGCTCTTCATGT-1,2
GACGTTAAGATCTGCT-1,1
GACGTTAAGGGCTTGA-1,1
GACGTTACAGCCAATT-1,1
GACGTTACAGTTCATG-1,2
GACGTTATCAACGGGA-1,2
GACGTTATCGGCGCAT-1,3
GACGTTATCTCTTATG-1,2
GACTAACAGATGGGTC-1,1
GACTAACAGTACTTGC-1,2
GACTAACCAAGGTTCT-1,2
GACTAACCACACAGAG-1,2
GACTAACCACCAGGCT-1,1
GACTAACCAGTCTTCC-1,1
GACTAACGTGCTGTAT-1,2
GACTAACTCATGTGGT-1,1
GACTAACTCGTCCAGG-1,1
GACTAACTCGTGGACC-1,1
GACTAACTCTCCTATA-1,3
GACTACAAGCGTGAAC-1,1
GACTACACACATCTTT-1,2
GACTACACAGCGTAAG-1,1
GACTACAGTTCCAACA-1,1
GACTACAGTTGCCTCT-1,2
GACTACATCATTTGGG-1,1
GACTACATCGAGAGCA-1,1
GACTACATCTATGTGG-1,2
GACTGCGAGACCTAGG-1,2
GACTGCGAGGCACATG-1,2
GACTGCGCACAGCGTC-1,2
GACTGCGCATATGAGA-1,2
GACTGCGGTCGCGAAA-1,1
GACTGCGGTGTAAGTA-1,1
GACTGCGTCCAGATCA-1,1
GACTGCGTCCTTGACC-1,2
GACTGCGTCTGATACG-1,1
GAGCAGAAGGCAAAGA-1,1
GAGCAGACAAGCTGGA-1,2
GAGCAGACACAGTCGC-1,1
GAGCAGAGTATCAGTC-1,3
GAGCAGAGTTCGAATC-1,2
GAGCAGATCATGCAAC-1,2
GAGCAGATCTACCAGA-1,2
GAGGTGAAGAACAATC-1,1
GAGGTGAAGCGTAGTG-1,3
GAGGTGAAGGCAATTA-1,1
GAGGTGAGTGTGAAAT-1,1
GAGGTGAGTTATGCGT-1,1
GAGGTGATCTATCGCC-1,2
GAGGTGATCTTTCCTC-1,2
GAGTCCGAGCTAAACA-1,2
GAGTCCGAGCTATGCT-1,1
GAGTCCGAGGATGGAA-1,1
GAGTCCGAGGTTACCT-1,2
GAGTCCGCAGATAATG-1,1
GAGTCCGCAGCGTTCG-1,1
GAGTCCGCAGGGTTAG-1,2
GAGTCCGCAGGTCTCG-1,2
GAGTCCGGTAGATTAG-1,1
GAGTCCGGTCGCATCG-1,2
GAGTCCGGTGAGGGTT-1,1
GAGTCCGTCCTAGTGA-1,2
GAGTCCGTCCTCAATT-1,1
GAGTCCGTCCTTCAAT-1,2
GATCAGTAGCTAAACA-1,1
GATCAGTAGTGGAGAA-1,1
GATCAGTCACATTCGA-1,1
GATCAGTCAGGCGATA-1,2
GATCAGTCATTCACTT-1,1
GATCAGTGTATCAGTC-1,1
GATCAGTGTCCTCTTG-1,3
GATCAGTGTCGTTGTA-1,2
GATCAGTGTGGCGAAT-1,3
GATCAGTGTGGCTCCA-1,1
GATCAGTTCACAACGT-1,1
GATCAGTTCTTGTCAT-1,3
GATCGATAGCAATCTC-1,1
GATCGATAGGTAGCTG-1,1
GATCGATAGTACATGA-1,2
GATCGATGTTCAGGCC-1,1
GATCGATTCAAGGTAA-1,3
GATCGATTCAGTTCGA-1,2
GATCGATTCGAGGTAG-1,2
GATCGATTCGCTAGCG-1,2
GATCGATTCTCGTTTA-1,1
GATCGCGAGCGCTTAT-1,2
GATCGCGCAAGCGAGT-1,2
GATCGCGGTCAGAAGC-1,2
GATCGCGGTGAAATCA-1,1
GATCGCGGTGCAGGTA-1,2
GATCGCGGTTTAAGCC-1,1
GATCGCGTCTAACGGT-1,2
GATCGTAAGCCTTGAT-1,2
GATCGTACAGACGCTC-1,2
GATCGTACATTACCTT-1,4
GATCGTAGTAAACGCG-1,1
GATCGTAGTAGAGTGC-1,1
GATCGTAGTAGTAGTA-1,1
GATCGTAGTATCAGTC-1,1
GATCGTATCATATCGG-1,1
GATCTAGAGATCACGG-1,2
GATCTAGAGCGATATA-1,1
GATCTAGCAATGACCT-1,2
GATCTAGCAGGTGGAT-1,1
GATCTAGCAGTGAGTG-1,1
GATCTAGCATACTACG-1,2
GATCTAGGTAATCACC-1,2
GATCTAGGTTGGACCC-1,2
GATCTAGTCAGTTTGG-1,2
GATCTAGTCCGCAGTG-1,3
GATCTAGTCGCCGTGA-1,1
GATCTAGTCTATGTGG-1,1
GATGAAAAGACGCACA-1,4
GATGAAACAGATAATG-1,2
GATGAAAGTCATATCG-1,2
GATGAAAGTGGCCCTA-1,2
GATGAAAGTTCCTCCA-1,2
GATGAAATCATGTAGC-1,1
GATGAGGAGAAACCGC-1,2
GATGAGGAGTGCCAGA-1,1
GATGAGGAGTTGAGTA-1,2
GATGAGGCAAGTTAAG-1,1
GATGAGGCAATGGAAT-1,3
GATGAGGCATGGGACA-1,1
GATGAGGGTACCGAGA-1,1
GATGAGGGTGATAAAC-1,1
GATGAGGTCCGCATCT-1,1
GATGAGGTCTGAGTGT-1,2
GATGCTAAGTTTCCTT-1,3
GATGCTACAAACAACA-1,2
GATGCTAGTCATATCG-1,1
GATGCTATCAGTCCCT-1,2
GATGCTATCGCATGAT-1,1
GATGCTATCGTCGTTC-1,2
GATGCTATCGTTACAG-1,1
GATGCTATCGTTTGCC-1,2
GATGCTATCTTTAGTC-1,2
GATTCAGAGAAACCAT-1,1
GATTCAGGTACAGTGG-1,1
GATTCAGGTCAAAGCG-1,2
GATTCAGGTGACGCCT-1,2
GATTCAGGTGAGGGTT-1,2
GATTCAGTCACCCGAG-1,1
GATTCAGTCATTTGGG-1,4
GATTCAGTCGACCAGC-1,2
GCAAACTAGAAGGCCT-1,2
GCAAACTAGACCGGAT-1,2
GCAAACTAGCGTGAGT-1,2
GCAAACTAGTTCGCGC-1,2
GCAAACTGTAGCTCCG-1,2
GCAAACTTCGGATGGA-1,1
GCAAACTTCTTGCATT-1,1
GCAATCAAGTCTCCTC-1,2
GCAATCACAAAGGTGC-1,1
GCAATCACACACCGAC-1,1
GCAATCACACATTAGC-1,2
GCAATCACAGAAGCAC-1,1
GCAATCAGTACCCAAT-1,1
GCAATCAGTACTTAGC-1,2
GCAATCAGTCCAACTA-1,4
GCAATCAGTGCACCAC-1,1
GCAATCATCAACGGGA-1,1
GCAATCATCACCGGGT-1,1
GCAATCATCCAGTAGT-1,1
GCAATCATCGTTACGA-1,1
GCACATAAGGTACTCT-1,2
GCACATACAGCGATCC-1,1
GCACATACATCGGACC-1,2
GCACATACATTACCTT-1,1
GCACATAGTAGCTAAA-1,3
GCACATAGTATATGAG-1,1
GCACATAGTCGTCTTC-1,1
GCACATAGTCTAAACC-1,1
GCACTCTAGAAACCGC-1,1
GCACTCTAGATCCCAT-1,1
GCACTCTAGATGTAAC-1,1
GCACTCTAGTAGATGT-1,2
GCACTCTAGTCCTCCT-1,3
GCACTCTAGTGTCCAT-1,2
GCACTCTCACGACGAA-1,1
GCACTCTCACGCCAGT-1,1
GCACTCTCAGCCTATA-1,3
GCACTCTCAGGTGCCT-1,1
GCACTCTGTAACGCGA-1,1
GCACTCTGTACCTACA-1,1
GCACTCTGTAGCGTCC-1,1
GCACTCTGTTCATGGT-1,1
GCAGCCAAGAGACTAT-1,2
GCAGCCAAGAGTTGGC-1,1
GCAGCCAAGGTGGGTT-1,1
GCAGCCAAGTTGAGTA-1,2
GCAGCCATCAAGGTAA-1,1
GCAGCCATCACCAGGC-1,2
GCAGCCATCCTCAATT-1,2
GCAGCCATCTAACTGG-1,1
GCAGTTAAGCTCCCAG-1,1
GCAGTTAAGGTAGCCA-1,2
GCAGTTAAGTCCTCCT-1,1
GCAGTTACAATAACGA-1,1
GCAGTTAGTCTGCAAT-1,1
GCAGTTATCCGCATCT-1,1
GCAGTTATCGACAGCC-1,3
GCATACAAGGGTTCCC-1,1
GCATACAAGTTAGCGG-1,1
GCATACACAAGTTGTC-1,2
GCATACACAGCTGCAC-1,1
GCATACACAGCTGTTA-1,1
GCATACACATCACCCT-1,2
GCATACATCTGATACG-1,2
GCATGATAGGTCATCT-1,1
GCATGATAGTGGGCTA-1,2
GCATGATCAAGAGGCT-1,1
GCATGATCAATGCCAT-1,2
GCATGATCACTCAGGC-1,3
GCATGATGTGATGTCT-1,2
GCATGATGTTTAGGAA-1,1
GCATGATTCAACGAAA-1,1
GCATGATTCGCCTGTT-1,2
GCATGCGAGGGATCTG-1,2
GCATGCGAGTAGGTGC-1,4
GCATGCGCACCAGGCT-1,2
GCATGCGCACGGCCAT-1,1
GCATGCGCAGCATACT-1,2
GCATGCGCAGCCAATT-1,2
GCATGCGCAGCGTAAG-1,1
GCATGCGCAGGTGCCT-1,2
GCATGCGGTACCGAGA-1,1
GCATGCGGTCCTGCTT-1,1
GCATGCGGTTCCCGAG-1,1
GCATGCGTCCGTAGGC-1,2
GCATGCGTCGGCTTGG-1,2
GCATGTAAGAACTGTA-1,2
GCATGTAAGCAGACTG-1,1
GCATGTAAGGACAGCT-1,1
GCATGTAAGGTGATAT-1,1
GCATGTACAGCGATCC-1,1
GCATGTAGTGTTGGGA-1,1
GCATGTATCACCATAG-1,1
GCATGTATCGCCATAA-1,1
GCATGTATCGTCTGAA-1,1
GCATGTATCGTTACGA-1,1
GCCAAATCACATCCAA-1,1
GCCAAATCAGATTGCT-1,2
GCCAAATCAGGTGCCT-1,2
GCCAAATCATAGGATA-1,2
GCCAAATGTAGCGATG-1,2
GCCAAATGTCTAGCGC-1,4
GCCAAATGTGACCAAG-1,1
GCCAAATGTGCCTTGG-1,1
GCCAAATGTTCGGGCT-1,1
GCCAAATTCCTTGGTC-1,2
GCCAAATTCTGCAAGT-1,1
GCCTCTAAGTCGTTTG-1,1
GCCTCTAAGTGTTTGC-1,2
GCCTCTACAAGGGTCA-1,2
GCCTCTAGTCGCCATG-1,4
GCCTCTAGTCTAAACC-1,1
GCCTCTAGTTGCGTTA-1,1
GCCTCTATCAAACAAG-1,1
GCCTCTATCCTTTCGG-1,1
GCCTCTATCTCGATGA-1,3
GCCTCTATCTCGCATC-1,1
GCGACCACACTTCGAA-1,1
GCGACCACATGTCTCC-1,1
GCGACCACATTGGCGC-1,2
GCGACCAGTGGCAAAC-1,1
GCGACCATCAACACTG-1,1
GCGACCATCAGAGCTT-1,3
GCGACCATCTGGCGTG-1,2
GCGAGAAAGGAACTGC-1,3
GCGAGAACAAACGCGA-1,2
GCGAGAACAGAAGCAC-1,1
GCGAGAACAGCTGTGC-1,2
GCGAGAACAGTAGAGC-1,1
GCGAGAAGTCTCCACT-1,2
GCGAGAATCTTCGGTC-1,2
GCGCAACAGACATAAC-1,2
GCGCAACAGACTACAA-1,1
GCGCAACCACGCTTTC-1,1
GCGCAACCATCCTAGA-1,1
GCGCAACGTCTAGCCG-1,2
GCGCAGTAGACACGAC-1,3
GCGCAGTAGACCCACC-1,2
GCGCAGTAGCGATATA-1,1
GCGCAGTAGTACGTTC-1,2
GCGCAGTAGTCGAGTG-1,1
GCGCAGTAGTGGAGAA-1,1
GCGCAGTCAAGTCTAC-1,1
GCGCAGTCATCACAAC-1,1
GCGCAGTGTAGTAGTA-1,2
GCGCAGTTCTGAGTGT-1,1
GCGCAGTTCTTACCTA-1,3
GCGCCAACACCACCAG-1,2
GCGCCAAGTACCATCA-1,2
GCGCCAAGTAGCTAAA-1,4
GCGCCAAGTATAGTAG-1,1
GCGCCAAGTGCACTTA-1,1
GCGCCAATCATAGCAC-1,1
GCGCCAATCCTCAACC-1,3
GCGCGATAGAGTAAGG-1,1
GCGCGATCAAGTTAAG-1,2
GCGCGATCACGACTCG-1,1
GCGCGATGTCATACTG-1,2
GCGCGATGTCTAGAGG-1,1
GCGCGATGTCTCTCTG-1,2
GCGGGTTAGACTAAGT-1,1
GCGGGTTAGCTAACTC-1,1
GCGGGTTCACCGCTAG-1,2
GCGGGTTCACGACGAA-1,1
GCGGGTTCACTTCGAA-1,1
GCGGGTTGTGATGATA-1,1
GCGGGTTTCCTGCTTG-1,3
GCTCCTAAGATGTCGG-1,1
GCTCCTAAGCGCTTAT-1,3
GCTCCTAGTTGAGGTG-1,2
GCTCCTATCCGCGTTT-1,2
GCTCCTATCGCACTCT-1,2
GCTCTGTAGATGTGTA-1,3
GCTCTGTAGTCAATAG-1,3
GCTCTGTAGTGTACGG-1,1
GCTCTGTCACGGTAGA-1,1
GCTCTGTCACTAGTAC-1,1
GCTCTGTCAGCTCGCA-1,1
GCTCTGTCAGCTGCAC-1,2
GCTCTGTCATATGCTG-1,1
GCTCTGTCATCCTAGA-1,1
GCTCTGTGTAAGTAGT-1,1
GCTCTGTGTAGAGTGC-1,4
GCTCTGTGTGTGGTTT-1,2
GCTCTGTGTTGATTCG-1,2
GCTCTGTTCATTATCC-1,1
GCTCTGTTCTAAGCCA-1,2
GCTGCAGAGCTGGAAC-1,2
GCTGCAGAGGTTCCTA-1,1
GCTGCAGAGTCTCCTC-1,3
GCTGCAGCAAAGAATC-1,2
GCTGCAGCAAGGACTG-1,1
GCTGCAGCAATGGATA-1,2
GCTGCAGCAGCGTCCA-1,1
GCTGCAGGTCCAGTGC-1,1
GCTGCAGGTCCGTCAG-1,5
GCTGCAGGTGATGTGG-1,2
GCTGCAGGTGCCTGCA-1,3
GCTGCAGTCCGCTGTT-1,2
GCTGCGAAGTAAGTAC-1,2
GCTGCGAAGTACGACG-1,1
GCTGCGACACTACAGT-1,2
GCTGCGACACTTCTGC-1,2
GCTGCGAGTCAGAATA-1,3
GCTGCGAGTGATGTGG-1,2
GCTGCGAGTTAGAACA-1,2
GCTGCTTAGAAGCCCA-1,1
GCTGCTTAGTTCGCGC-1,2
GCTGCTTCAAGGTGTG-1,2
GCTGCTTCATCTGGTA-1,2
GCTGCTTGTTGGAGGT-1,2
GCTGCTTTCCCTTGCA-1,2
GCTGCTTTCCGAATGT-1,2
GCTGCTTTCGCTGATA-1,2
GCTGCTTTCTGCTGTC-1,2
GCTGGGTAGACTACAA-1,2
GCTGGGTAGTCGCCGT-1,1
GCTGGGTCACGTAAGG-1,1
GCTGGGTCAGCCTTTC-1,1
GCTGGGTCAGTATCTG-1,1
GCTGGGTGTATTAGCC-1,2
GCTGGGTTCCAATGGT-1,3
GCTGGGTTCGTAGGTT-1,2
GCTGGGTTCTTGAGAC-1,1
GCTGGGTTCTTGCATT-1,1
GCTTCCAGTAGATTAG-1,3
GCTTCCATCCGATATG-1,3
GCTTCCATCTTCAACT-1,3
GCTTGAAAGACTGTAA-1,2
GCTTGAAAGTTAGGTA-1,2
GCTTGAAAGTTCGCAT-1,2
GCTTGAACATGTCTCC-1,2
GCTTGAAGTAAGTGGC-1,1
GCTTGAAGTATATGAG-1,2
GCTTGAAGTATTCTCT-1,2
GCTTGAAGTCTGATCA-1,2
GCTTGAAGTGCAACTT-1,1
GCTTGAAGTGTTCTTT-1,2
GCTTGAAGTTAAGACA-1,2
GCTTGAATCCACTGGG-1,2
GCTTGAATCTCCAGGG-1,2
GGAAAGCAGAGGTAGA-1,2
GGAAAGCAGTAGTGCG-1,2
GGAAAGCCAGCCACCA-1,2
GGAAAGCGTCTCCCTA-1,1
GGAAAGCTCACCATAG-1,1
GGAAAGCTCTCAAGTG-1,2
GGAAAGCTCTCTAAGG-1,2
GGAAAGCTCTTCTGGC-1,3
GGAACTTAGACAGGCT-1,2
GGAACTTAGACTAGGC-1,2
GGAACTTCATACTACG-1,1
GGAACTTGTGTGCGTC-1,2
GGAACTTTCGCTTAGA-1,2
GGAATAACAGACAAAT-1,1
GGAATAAGTCTAGCCG-1,2
GGAATAAGTGAAGGCT-1,2
GGAATAAGTGGCAAAC-1,2
GGAATAATCAGAGACG-1,2
GGAATAATCTGGTATG-1,1
GGACAAGAGACAGACC-1,2
GGACAAGAGAGCCCAA-1,2
GGACAAGAGCCACTAT-1,1
GGACAAGCACAACGTT-1,2
GGACAAGCATAGACTC-1,2
GGACAAGGTCAGATAA-1,1
GGACAAGGTGTGGTTT-1,2
GGACAAGTCCGAGCCA-1,1
GGACAAGTCTGTCTCG-1,2
GGACAGAAGTGAACGC-1,2
GGACAGAAGTGCAAGC-1,1
GGACAGACAATAAGCA-1,1
GGACAGACAATGGAGC-1,1
GGACAGACAGACAGGT-1,1
GGACAGAGTCTTTCAT-1,1
GGACAGAGTGATGATA-1,2
GGACAGATCCAATGGT-1,3
GGACAGATCCATTCTA-1,2
GGACAGATCGAGGTAG-1,2
GGACATTAGTCGTTTG-1,2
GGACATTCAAGCGTAG-1,1
GGACATTCAATCACAC-1,1
GGACATTCACAGGCCT-1,1
GGACATTCATCCTAGA-1,4
GGACATTGTGAGCGAT-1,2
GGACATTGTTGTTTGG-1,1
GGACATTTCTCAACTT-1,1
GGACGTCAGATCACGG-1,2
GGACGTCAGCTAGTTC-1,4
GGACGTCAGTTGAGAT-1,2
GGACGTCCACCACCAG-1,2
GGACGTCCACCGTTGG-1,1
GGACGTCCAGACTCGC-1,1
GGACGTCCAGGGTTAG-1,1
GGACGTCCAGTCACTA-1,2
GGACGTCCATGAAGTA-1,4
GGACGTCGTCCTAGCG-1,1
GGACGTCTCAATCTCT-1,2
GGACGTCTCGTAGGTT-1,1
GGAGCAAAGAGGTTGC-1,1
GGAGCAACACAAGCCC-1,2
GGAGCAAGTAAAGTCA-1,1
GGAGCAAGTACCGAGA-1,1
GGAGCAAGTACCGTTA-1,1
GGAGCAAGTTGGGACA-1,2
GGAGCAAGTTTCCACC-1,2
GGAGCAATCTCTGAGA-1,1
GGATGTTAGTGGAGAA-1,2
GGATGTTCACGAAGCA-1,1
GGATGTTCAGATCTGT-1,1
GGATGTTTCCACGTTC-1,1
GGATGTTTCCACTCCA-1,2
GGATGTTTCGTCTGAA-1,2
GGATTACAGAATGTTG-1,1
GGATTACAGACGCTTT-1,1
GGATTACAGACTAGGC-1,2
GGATTACAGATCCTGT-1,1
GGATTACAGCTGAACG-1,2
GGATTACAGTCAATAG-1,1
GGATTACCATCCCATC-1,1
GGATTACGTACAGCAG-1,1
GGATTACGTCGAAAGC-1,1
GGATTACGTCTTCTCG-1,2
GGATTACGTTGCTCCT-1,1
GGATTACTCGGTCTAA-1,3
GGCAATTAGGGATGGG-1,2
GGCAATTGTCTTCTCG-1,2
GGCAATTGTTCAGACT-1,2
GGCAATTTCCGCGGTA-1,2
GGCAATTTCTGCGGCA-1,1
GGCCGATAGTTCGATC-1,2
GGCCGATCACAGGAGT-1,1
GGCCGATCAGACGTAG-1,2
GGCCGATCATCGTCGG-1,1
GGCCGATCATGGTTGT-1,1
GGCCGATGTCGCATAT-1,1
GGCGACTAGAAGGTGA-1,2
GGCGACTAGAGTGAGA-1,2
GGCGACTAGCTGAAAT-1,1
GGCGACTTCCCACTTG-1,2
GGCGACTTCTCAACTT-1,2
GGCGACTTCTGGCGAC-1,1
GGCGTGTAGTGGTCCC-1,1
GGCGTGTCAAACCCAT-1,1
GGCGTGTCAGCCTATA-1,3
GGCGTGTGTCCGCTGA-1,1
GGCGTGTGTGCGGTAA-1,3
GGCGTGTGTTCCATGA-1,2
GGCTCGAAGAAACCTA-1,1
GGCTCGAAGAGCCTAG-1,2
GGCTCGACACCTTGTC-1,2
GGCTCGACATGGTAGG-1,3
GGCTCGATCGCGTTTC-1,2
GGCTCGATCGCTGATA-1,4
GGCTCGATCGTAGGTT-1,1
GGCTCGATCTCGTTTA-1,1
GGCTCGATCTGCCAGG-1,1
GGCTGGTAGCTCAACT-1,2
GGCTGGTAGCTTATCG-1,1
GGCTGGTCAAAGGCGT-1,1
GGCTGGTCAAGTAGTA-1,2
GGCTGGTGTCACTTCC-1,1
GGCTGGTGTTACCAGT-1,3
GGCTGGTTCAATCACG-1,1
GGCTGGTTCACATACG-1,2
GGCTGGTTCACCATAG-1,1
GGCTGGTTCCTGTACC-1,1
GGCTGGTTCGAATCCA-1,1
GGCTGGTTCGCCTGTT-1,2
GGCTGGTTCTGTCTCG-1,1
GGGAATGAGGCGTACA-1,2
GGGAATGCACAAGCCC-1,2
GGGAATGCACAGATTC-1,1
GGGAATGCATTTGCCC-1,4
GGGAATGGTCTAGGTT-1,2
GGGAATGTCACATACG-1,1
GGGAATGTCCACGACG-1,1
GGGAATGTCCTGCCAT-1,3
GGGACCTAGCCAGTAG-1,1
GGGACCTAGCGATATA-1,2
GGGACCTCAATTGCTG-1,2
GGGACCTCACGAGAGT-1,1
GGGACCTCATTGTGCA-1,1
GGGACCTGTAAGCACG-1,2
GGGACCTGTAGCAAAT-1,1
GGGACCTGTGCACCAC-1,4
GGGACCTTCTTCGGTC-1,2
GGGAGATAGAGTCGGT-1,2
GGGAGATCACAGAGGT-1,2
GGGAGATCATGAACCT-1,1
GGGAGATCATGCAATC-1,2
GGGAGATCATTTGCCC-1,2
GGGAGATTCCCTGACT-1,1
GGGAGATTCGAATGCT-1,3
GGGAGATTCGCTGATA-1,1
GGGAGATTCTTTAGGG-1,2
GGGATGACAAGCGATG-1,1
GGGATGACATGACGGA-1,2
GGGATGACATTTGCTT-1,1
GGGATGAGTACTTCTT-1,1
GGGATGAGTTTGCATG-1,1
GGGATGAGTTTGGCGC-1,2
GGGATGATCACGATGT-1,2
GGGATGATCGCCCTTA-1,1
GGGATGATCGGTTAAC-1,3
GGGCACTAGGCGCTCT-1,2
GGGCACTCACGAGAGT-1,1
GGGCACTCATATACGC-1,1
GGGCACTGTACATCCA-1,1
GGGCACTGTAGATTAG-1,1
GGGCACTGTCGCATAT-1,3
GGGCACTGTCGTTGTA-1,2
GGGCACTTCCATGAAC-1,1
GGGCACTTCCGTAGGC-1,2
GGGCATCAGATACACA-1,2
GGGCATCAGATCCCGC-1,2
GGGCATCAGCAGCGTA-1,2
GGGCATCCAACTGGCC-1,1
GGGCATCCAGTTCATG-1,1
GGGCATCCATAGACTC-1,3
GGGCATCCATGTCTCC-1,2
GGGCATCGTATTACCG-1,1
GGGTCTGAGGATGCGT-1,1
GGGTCTGCAATAGCAA-1,1
GGGTCTGCAATGACCT-1,3
GGGTCTGCACATCCAA-1,1
GGGTCTGCATGTAAGA-1,1
GGGTCTGGTACCGTTA-1,1
GGGTCTGGTGAAATCA-1,1
GGGTCTGTCGCTGATA-1,1
GGGTCTGTCTTACCGC-1,2
GGGTTGCAGAGCTTCT-1,1
GGGTTGCAGCTCCTTC-1,1
GGGTTGCAGCTGGAAC-1,1
GGGTTGCAGTGGGATC-1,3
GGGTTGCCATTGGCGC-1,1
GGGTTGCGTGATGCCC-1,1
GGGTTGCGTGTGCCTG-1,1
GGGTTGCTCATAGCAC-1,1
GGGTTGCTCCAGAAGG-1,1
GGTATTGAGACAAGCC-1,2
GGTATTGAGATGCGAC-1,2
GGTATTGAGATGGGTC-1,2
GGTATTGAGTACGTAA-1,2
GGTATTGCAAGTTAAG-1,1
GGTATTGCACGACTCG-1,1
GGTATTGCAGTATAAG-1,2
GGTATTGGTGACGGTA-1,2
GGTGAAGCAACACGCC-1,1
GGTGAAGCAATCAGAA-1,2
GGTGAAGCACCATGTA-1,1
GGTGAAGCACCGGAAA-1,1
GGTGAAGCAGCTTAAC-1,1
GGTGAAGCATGATCCA-1,2
GGTGAAGTCATATCGG-1,2
GGTGCGTAGACAAAGG-1,2
GGTGCGTAGCGATATA-1,1
GGTGCGTAGCGTGAAC-1,2
GGTGCGTAGTGCTGCC-1,2
GGTGCGTCAATCTGCA-1,2
GGTGCGTCAATGAAAC-1,1
GGTGCGTCACAACGCC-1,4
GGTGCGTGTACAGACG-1,1
GGTGCGTTCGGGAGTA-1,1
GGTGCGTTCTAAGCCA-1,1
GGTGTTAAGGCTCTTA-1,1
GGTGTTAAGGGATACC-1,2
GGTGTTATCCTTAATC-1,1
GGTGTTATCCTTTCGG-1,2
GGTGTTATCGCAAACT-1,1
GGTGTTATCTCTGCTG-1,1
GGTGTTATCTGATACG-1,3
GGTGTTATCTGTTGAG-1,1
GTAACGTAGGGTCGAT-1,1
GTAACGTCATATACCG-1,2
GTAACGTTCCCAAGTA-1,1
GTAACGTTCGCGGATC-1,2
GTAACTGAGACATAAC-1,4
GTAACTGAGGAGTTGC-1,5
GTAACTGAGGGATGGG-1,2
GTAACTGCAATTGCTG-1,1
GTAACTGCACGAAATA-1,2
GTAACTGGTAATCACC-1,2
GTAACTGGTACCTACA-1,2
GTAACTGGTGAGGCTA-1,2
GTAACTGGTGGTAACG-1,2
GTAACTGGTGTTGAGG-1,1
GTAACTGGTTTACTCT-1,2
GTAACTGTCAATCACG-1,1
GTAACTGTCCCATTAT-1,1
GTAACTGTCGACGGAA-1,1
GTAACTGTCTCGTTTA-1,3
GTACGTAAGACGCAAC-1,2
GTACGTAAGAGGACGG-1,1
GTACGTAAGCATCATC-1,2
GTACGTAAGCTTTGGT-1,1
GTACGTAAGGATGTAT-1,1
GTACGTAGTAATCACC-1,2
GTACGTAGTACCCAAT-1,2
GTACGTAGTGCAGTAG-1,2
GTACGTAGTTCGGGCT-1,2
GTACGTATCCAAGTAC-1,1
GTACTCCAGCCCAGCT-1,2
GTACTCCAGTATTGGA-1,1
GTACTCCCAAGAGTCG-1,2
GTACTCCCATCTATGG-1,1
GTACTCCGTCCGAAGA-1,3
GTACTCCGTCTAGCCG-1,1
GTACTCCGTGATGTGG-1,2
GTACTCCGTTATCGGT-1,1
GTACTCCTCGGACAAG-1,3
GTACTTTAGACACGAC-1,3
GTACTTTAGAGTGACC-1,1
GTACTTTAGGGATACC-1,2
GTACTTTGTCCGTCAG-1,1
GTAGGCCAGAAGGTGA-1,2
GTAGGCCAGTATCTCG-1,1
GTAGGCCCATCTGGTA-1,2
GTAGGCCGTATGGTTC-1,3
GTAGGCCTCGAATCCA-1,1
GTAGTCAAGGACCACA-1,3
GTAGTCAGTAACGACG-1,1
GTAGTCAGTCCGTGAC-1,1
GTAGTCATCCAAACTG-1,3
GTATCTTAGAAACCGC-1,1
GTATCTTAGCACAGGT-1,1
GTATCTTAGGCATGTG-1,2
GTATCTTAGTAGCGGT-1,2
GTATCTTCAAGACACG-1,2
GTATCTTCATGCTGGC-1,3
GTATCTTCATGTCTCC-1,1
GTATCTTGTACCGCTG-1,1
GTATCTTGTGGAAAGA-1,1
GTATCTTTCCATGAAC-1,2
GTATTCTAGAGCTATA-1,2
GTATTCTAGCAGCGTA-1,1
GTATTCTAGTCTTGCA-1,1
GTATTCTCAAGCTGAG-1,1
GTATTCTCACGTTGGC-1,2
GTATTCTCACTTCTGC-1,2
GTATTCTCAGCTGTAT-1,1
GTATTCTCAGTCAGAG-1,1
GTATTCTGTTCGTTGA-1,1
GTATTCTTCGTCGTTC-1,2
GTCAAGTCACGTGAGA-1,2
GTCAAGTCAGACAGGT-1,1
GTCAAGTCAGTCTTCC-1,1
GTCAAGTCATATACCG-1,2
GTCAAGTGTGCTAGCC-1,1
GTCAAGTTCTAAGCCA-1,3
GTCACAAAGGCCCGTT-1,2
GTCACAAAGTGAAGTT-1,2
GTCACAACAAGCCGCT-1,1
GTCACAACAATTCCTT-1,3
GTCACAACACAGACTT-1,1
GTCACAACACCAACCG-1,2
GTCACAACAGCTCGAC-1,2
GTCACAAGTCTTCTCG-1,1
GTCACAAGTGAGGGAG-1,2
GTCACAAGTTCCCTTG-1,2
GTCACAATCAAGGCTT-1,3
GTCACAATCACAAACC-1,2
GTCACGGAGATAGTCA-1,1
GTCACGGAGATCACGG-1,1
GTCACGGAGTGCGATG-1,1
GTCACGGCAAACTGTC-1,4
GTCACGGCACTGAAGG-1,1
GTCACGGCATACTACG-1,2
GTCACGGTCAGCAACT-1,4
GTCACGGTCCCTCTTT-1,1
GTCATTTAGCTGCGAA-1,1
GTCATTTAGTACCGGA-1,1
GTCATTTCAAGGGTCA-1,1
GTCATTTCATCGATGT-1,2
GTCATTTCATGTAAGA-1,1
GTCATTTGTAGCGATG-1,2
GTCATTTGTTAGAACA-1,1
GTCATTTGTTGTGGAG-1,2
GTCATTTTCAAACGGG-1,2
GTCATTTTCAGTGTTG-1,2
GTCATTTTCATGCAAC-1,2
GTCATTTTCCCGACTT-1,3
GTCCTCAAGATAGCAT-1,1
GTCCTCAAGCCACGCT-1,2
GTCCTCAAGTCATGCT-1,2
GTCCTCAGTTACCGAT-1,1
GTCCTCATCTGTCAAG-1,1
GTCGGGTAGTAATCCC-1,1
GTCGGGTGTCGCCATG-1,3
GTCGGGTGTGGGTATG-1,1
GTCGGGTTCGCTTGTC-1,1
GTCGGGTTCTTGACGA-1,2
GTCGTAAAGTGCGATG-1,1
GTCGTAACAAGCTGTT-1,1
GTCGTAACAGCCAGAA-1,2
GTCGTAAGTAGAGTGC-1,1
GTCGTAAGTAGGGACT-1,1
GTCGTAAGTGACCAAG-1,1
GTCGTAATCCTAGTGA-1,4
GTCGTAATCGTCACGG-1,1
GTCTCGTAGGCTCATT-1,1
GTCTCGTAGTAGGTGC-1,4
GTCTCGTCAAGTACCT-1,2
GTCTCGTCAATAGAGT-1,1
GTCTCGTCACCATCCT-1,1
GTCTCGTCATCCCATC-1,1
GTCTCGTCATGTCGAT-1,2
GTCTCGTGTCCTGCTT-1,1
GTCTCGTGTCGCGAAA-1,1
GTCTCGTTCATTTGGG-1,1
GTCTCGTTCCGAATGT-1,2
GTCTTCGAGCGCTCCA-1,2
GTCTTCGGTACCGTAT-1,2
GTCTTCGGTCTAAACC-1,1
GTCTTCGGTCTTCGTC-1,1
GTCTTCGTCAGTTAGC-1,1
GTCTTCGTCATCGGAT-1,1
GTCTTCGTCATTTGGG-1,1
GTGAAGGAGTACATGA-1,2
GTGAAGGCATCCAACA-1,1
GTGAAGGTCAGGCCCA-1,1
GTGAAGGTCCAAGCCG-1,2
GTGAAGGTCGCAGGCT-1,3
GTGAAGGTCTGGTTCC-1,2
GTGCAGCAGCGATATA-1,1
GTGCAGCAGCTAAGAT-1,1
GTGCAGCAGGCATGTG-1,1
GTGCAGCCAAACAACA-1,1
GTGCAGCCACCAGGTC-1,2
GTGCAGCCATGCCCGA-1,1
GTGCAGCGTATGGTTC-1,1
GTGCAGCGTCGACTAT-1,1
GTGCAGCTCAATACCG-1,2
GTGCAGCTCAGTCAGT-1,1
GTGCATAAGCAATATG-1,1
GTGCATAAGGCGCTCT-1,2
GTGCATACAAGCCGCT-1,1
GTGCATACATGCATGT-1,1
GTGCATAGTCACACGC-1,2
GTGCATAGTCATATCG-1,2
GTGCATAGTCGGCACT-1,3
GTGCATAGTGACCAAG-1,1
GTGCATAGTTGCGTTA-1,1
GTGCATATCCACTGGG-1,5
GTGCATATCGCAGGCT-1,2
GTGCATATCGGAGCAA-1,1
GTGCATATCGTGACAT-1,3
GTGCGGTCAACAACCT-1,1
GTGCGGTCACCGAAAG-1,2
GTGCGGTGTCCGAGTC-1,2
GTGCGGTGTCTAGGTT-1,2
GTGCGGTGTTGCCTCT-1,2
GTGCGGTTCCGCGGTA-1,1
GTGCTTCAGCTGCCCA-1,1
GTGCTTCAGGAGCGAG-1,2
GTGCTTCAGGCCCTTG-1,1
GTGCTTCAGTACTTGC-1,1
GTGCTTCAGTCTCAAC-1,2
GTGCTTCCAGCCAATT-1,1
GTGCTTCCATATACCG-1,2
GTGCTTCGTAGGAGTC-1,1
GTGCTTCGTCATATCG-1,2
GTGCTTCGTCTTGTCC-1,1
GTGCTTCGTGAGGGAG-1,2
GTGCTTCTCCTACAGA-1,2
GTGCTTCTCCTTTCGG-1,2
GTGCTTCTCGTCACGG-1,2
GTGCTTCTCTTGAGGT-1,1
GTGGGTCAGTGTCTCA-1,2
GTGGGTCAGTGTGAAT-1,2
GTGGGTCCACCTCGTT-1,2
GTGGGTCCATGCTAGT-1,1
GTGGGTCGTCAACTGT-1,1
GTGGGTCTCAAACCAC-1,1
GTGGGTCTCCGCGTTT-1,1
GTGGGTCTCTGACCTC-1,1
GTGTGCGAGGCCGAAT-1,1
GTGTGCGAGGGTGTTG-1,1
GTGTGCGCAAACCTAC-1,1
GTGTGCGCACATCCAA-1,1
GTGTGCGTCAGCTGGC-1,2
GTGTGCGTCATTGCGA-1,1
GTGTGCGTCCATGCTC-1,2
GTGTTAGAGACTCGGA-1,1
GTGTTAGAGCTAGCCC-1,1
GTGTTAGAGGGAAACA-1,2
GTGTTAGAGTCAATAG-1,1
GTGTTAGAGTGCTGCC-1,2
GTGTTAGAGTGTTGAA-1,1
GTGTTAGAGTTCCACA-1,2
GTGTTAGCAGTCTTCC-1,2
GTGTTAGGTGCTTCTC-1,1
GTGTTAGTCAACGGGA-1,2
GTGTTAGTCACCCTCA-1,3
GTGTTAGTCCGTCAAA-1,1
GTGTTAGTCGCAAACT-1,1
GTGTTAGTCTATCCCG-1,2
GTGTTAGTCTGTCCGT-1,1
GTTAAGCAGCGGCTTC-1,1
GTTAAGCAGTGAAGTT-1,2
GTTAAGCCAAGCCGTC-1,2
GTTAAGCCAATGGACG-1,1
GTTAAGCCACAAGACG-1,1
GTTAAGCCACCATCCT-1,1
GTTAAGCGTGACGCCT-1,1
GTTAAGCTCATGGTCA-1,1
GTTACAGAGAGTCGGT-1,1
GTTACAGCAGGCGATA-1,2
GTTACAGCATGCTGGC-1,1
GTTACAGGTACCGAGA-1,2
GTTACAGTCACAGGCC-1,1
GTTCATTAGCGTCAAG-1,1
GTTCATTAGCTCCCAG-1,2
GTTCATTAGCTGGAAC-1,2
GTTCATTAGTCTTGCA-1,2
GTTCATTCAGATGGGT-1,1
GTTCATTCATATACCG-1,1
GTTCATTCATGTCCTC-1,1
GTTCATTGTAGGACAC-1,2
GTTCATTTCACAAACC-1,4
GTTCGGGAGCTGATAA-1,2
GTTCGGGAGGATTCGG-1,2
GTTCGGGAGTGATCGG-1,2
GTTCGGGCAAGGACTG-1,1
GTTCGGGCAGTTAACC-1,2
GTTCGGGCATCTCCCA-1,1
GTTCGGGGTTAAAGTG-1,1
GTTCGGGTCGGTTAAC-1,1
GTTCTCGAGAAACCTA-1,2
GTTCTCGAGATCCCAT-1,1
GTTCTCGAGCTGCAAG-1,2
GTTCTCGAGGCCCTCA-1,1
GTTCTCGAGTTGTCGT-1,2
GTTCTCGCACACCGCA-1,1
GTTCTCGCACCAACCG-1,1
GTTCTCGCACCGATAT-1,1
GTTCTCGCATCCGGGT-1,1
GTTCTCGCATCTGGTA-1,2
GTTCTCGCATGACATC-1,2
GTTCTCGGTATATGAG-1,2
GTTCTCGGTGGGTCAA-1,2
GTTCTCGTCATAAAGG-1,2
GTTCTCGTCTTTACGT-1,3
GTTTCTAAGTCAAGGC-1,2
GTTTCTACATCCCACT-1,5
GTTTCTAGTAGCGATG-1,1
GTTTCTATCACGCGGT-1,1
TAAACCGCACGGTGTC-1,2
TAAACCGCAGGGATTG-1,3
TAAACCGCATGCCTTC-1,2
TAAACCGGTAACGACG-1,2
TAAACCGGTGCACTTA-1,2
TAAGAGAAGATCTGCT-1,1
TAAGAGAAGGCATTGG-1,3
TAAGAGAAGTGGGATC-1,1
TAAGAGACAAGACACG-1,2
TAAGAGACACACGCTG-1,2
TAAGAGACACCTTGTC-1,4
TAAGAGACAGCCAGAA-1,1
TAAGAGACATTTCACT-1,1
TAAGAGAGTCTCATCC-1,1
TAAGAGATCGCCATAA-1,4
TAAGCGTAGCGTAATA-1,1
TAAGCGTCAGACGTAG-1,1
TAAGCGTGTAAGTGTA-1,2
TAAGCGTGTCCATGAT-1,1
TAAGCGTGTTAAGATG-1,1
TAAGCGTTCCAAGTAC-1,1
TAAGCGTTCGGCGGTT-1,2
TAAGTGCAGGGAACGG-1,1
TAAGTGCAGTAGATGT-1,2
TAAGTGCCACATCCAA-1,1
TAAGTGCGTAAGAGAG-1,3
TAAGTGCGTACGCTGC-1,4
TAAGTGCGTACTCAAC-1,4
TACACGAAGGCCGAAT-1,2
TACACGAAGTAAGTAC-1,2
TACACGACACATGTGT-1,1
TACACGACAGGTCTCG-1,3
TACACGATCTAACTCT-1,3
TACACGATCTTACCTA-1,1
TACAGTGCAAGCTGTT-1,2
TACAGTGCAATGAAAC-1,1
TACAGTGGTACCATCA-1,2
TACAGTGTCCAAACTG-1,2
TACCTATAGGACAGCT-1,2
TACCTATGTAGTGAAT-1,2
TACCTATGTGAGGGAG-1,2
TACCTATTCGTGGTCG-1,2
TACCTTAAGAATTCCC-1,2
TACCTTAAGATAGCAT-1,2
TACCTTAAGTAGCCGA-1,1
TACCTTAAGTGGACGT-1,2
TACCTTAAGTTACCCA-1,1
TACCTTACACTCTGTC-1,1
TACCTTACAGACGCAA-1,3
TACCTTAGTCTTCAAG-1,1
TACCTTATCGGACAAG-1,2
TACCTTATCTCCGGTT-1,2
TACCTTATCTTCGAGA-1,1
TACGGATAGCCAGTTT-1,2
TACGGATCAATCGAAA-1,1
TACGGATGTCCAGTGC-1,1
TACGGATGTGCAACTT-1,1
TACGGATTCACGCATA-1,2
TACGGGCAGAAACCAT-1,2
TACGGGCAGCGAAGGG-1,1
TACGGGCGTCTCCCTA-1,1
TACGGGCTCACAGGCC-1,3
TACGGGCTCAGGTAAA-1,2
TACGGGCTCCTGCCAT-1,3
TACGGGCTCCTTAATC-1,2
TACGGTAAGAATCTCC-1,2
TACGGTACATTCGACA-1,1
TACGGTAGTCGCGAAA-1,2
TACGGTAGTCTAGTGT-1,2
TACGGTATCATGCATG-1,1
TACGGTATCTGAGTGT-1,1
TACTCATAGACAGACC-1,1
TACTCATAGGGCACTA-1,2
TACTCATCAATCACAC-1,3
TACTCATCACATCCGG-1,2
TACTCATCAGCCTTTC-1,1
TACTCATCATTCCTGC-1,1
TACTCATGTTCCAACA-1,1
TACTCATTCAGCACAT-1,2
TACTCATTCCAAACTG-1,1
TACTCATTCGCCATAA-1,2
TACTCGCCACAACGCC-1,1
TACTCGCCACCTGGTG-1,1
TACTCGCCAGCTTAAC-1,2
TACTCGCCAGGGTTAG-1,1
TACTCGCCATGCCACG-1,1
TACTCGCGTAGAAGGA-1,1
TACTCGCGTCAATGTC-1,2
TACTCGCGTGAGTATA-1,2
TACTCGCTCCGAAGAG-1,1
TACTCGCTCTGGTGTA-1,1
TACTCGCTCTGTTTGT-1,2
TACTTACAGCTCCTTC-1,1
TACTTACCAACAACCT-1,2
TACTTACCACATGACT-1,1
TACTTACCAGACGCAA-1,2
TACTTACGTATATCCG-1,2
TACTTACGTCAAGCGA-1,2
TACTTACTCAAACGGG-1,1
TACTTACTCACGGTTA-1,2
TACTTACTCGATCCCT-1,2
TACTTGTAGGAACTGC-1,2
TACTTGTAGTAGCCGA-1,2
TACTTGTAGTCTCCTC-1,1
TACTTGTAGTGACATA-1,2
TACTTGTCAAGTAATG-1,1
TACTTGTCAATGGATA-1,1
TACTTGTTCCAAAGTC-1,3
TACTTGTTCTAACGGT-1,1
TAGACCAAGAACAACT-1,3
TAGACCAAGACCTAGG-1,2
TAGACCACAAGCTGTT-1,2
TAGACCACAAGTAGTA-1,1
TAGACCACATCCCATC-1,1
TAGACCACATGTCCTC-1,2
TAGACCAGTAAATACG-1,3
TAGACCAGTACTCAAC-1,1
TAGACCATCTAAGCCA-1,2
TAGACCATCTTCGAGA-1,3
TAGAGCTAGATAGGAG-1,2
TAGAGCTCAGCGATCC-1,4
TAGCCGGAGAAAGTGG-1,1
TAGCCGGCACATGGGA-1,1
TAGCCGGCACATGTGT-1,1
TAGCCGGCAGCCAATT-1,2
TAGCCGGGTCCTCTTG-1,2
TAGCCGGGTCGATTGT-1,2
TAGCCGGGTCGTGGCT-1,1
TAGCCGGGTTACGACT-1,2
TAGCCGGTCATGGTCA-1,2
TAGGCATAGCGTGTCC-1,2
TAGGCATAGGCCCTCA-1,1
TAGGCATAGGTGCAAC-1,1
TAGGCATCAACGCACC-1,2
TAGGCATCAAGCGCTC-1,1
TAGGCATCACTACAGT-1,2
TAGGCATCAGCTCCGA-1,3
TAGGCATCAGGTGGAT-1,2
TAGGCATCAGTTAACC-1,2
TAGGCATTCACAATGC-1,3
TAGGCATTCCAACCAA-1,1
TAGTGGTAGACACGAC-1,1
TAGTGGTAGATGTGGC-1,2
TAGTGGTAGGTCATCT-1,2
TAGTGGTAGTACACCT-1,1
TAGTGGTAGTGCCAGA-1,2
TAGTGGTCAGACAAAT-1,1
TAGTTGGCAATGGAGC-1,1
TAGTTGGCAATGGTCT-1,2
TAGTTGGCACGACTCG-1,2
TAGTTGGGTTGGTAAA-1,2
TAGTTGGTCCTACAGA-1,1
TAGTTGGTCGTTGACA-1,2
TAGTTGGTCTGCGTAA-1,2
TAGTTGGTCTGGTATG-1,2
TAGTTGGTCTGGTGTA-1,1
TATCAGGCACGGCTAC-1,1
TATCAGGCAGGACCCT-1,3
TATCAGGCAGTAACGG-1,1
TATCAGGCAGTGGAGT-1,1
TATCAGGCAGTTCCCT-1,2
TATCAGGCATGCCTTC-1,1
TATCAGGGTCATCCCT-1,2
TATCAGGGTGTGGTTT-1,1
TATCAGGTCCGGCACA-1,1
TATCTCAAGCCTATGT-1,2
TATCTCAAGGCTAGCA-1,1
TATCTCAAGTTGCAGG-1,1
TATCTCAAGTTGTAGA-1,1
TATCTCACACGGTGTC-1,2
TATCTCAGTCGCATAT-1,4
TATCTCATCGCCAGCA-1,3
TATGCCCCAACGATGG-1,1
TATGCCCCAACTTGAC-1,1
TATGCCCGTACAGCAG-1,2
TATGCCCGTACCTACA-1,3
TATGCCCGTAGCGCTC-1,1
TATGCCCGTTCGCTAA-1,2
TATGCCCTCCAGTAGT-1,2
TATGCCCTCGAACTGT-1,1
TATGCCCTCGACCAGC-1,1
TATTACCAGCAGCGTA-1,2
TATTACCCAAACAACA-1,2
TATTACCGTGGTCCGT-1,1
TATTACCGTTATGCGT-1,2
TATTACCGTTGATTGC-1,1
TATTACCTCCTGCCAT-1,4
TATTACCTCGCGCCAA-1,1
TATTACCTCTGCGACG-1,2
TCAACGAAGAGTTGGC-1,1
TCAACGAAGATCTGCT-1,2
TCAACGACAATGAAAC-1,1
TCAACGACACCAGCAC-1,2
TCAACGACACTAAGTC-1,3
TCAACGACAGCCTTTC-1,1
TCAACGACATGAAGTA-1,1
TCAACGATCAACACTG-1,2
TCAATCTAGACGCACA-1,1
TCAATCTAGATAGCAT-1,1
TCAATCTAGGACCACA-1,1
TCAATCTAGGCAAAGA-1,1
TCAATCTAGTATTGGA-1,2
TCAATCTCAAGCGTAG-1,1
TCAATCTCAATCCGAT-1,1
TCAATCTCACCAACCG-1,4
TCAATCTTCAGGCAAG-1,1
TCAATCTTCATTTGGG-1,1
TCAATCTTCCCGGATG-1,2
TCAATCTTCCGATATG-1,1
TCAATCTTCCGTAGTA-1,2
TCAATCTTCCTCAACC-1,2
TCAATCTTCGGCGGTT-1,1
TCACAAGAGTGAACAT-1,3
TCACAAGCATTACGAC-1,1
TCACAAGGTCATCGGC-1,1
TCACAAGTCGCATGGC-1,1
TCACGAAAGAAGGTTT-1,2
TCACGAAAGTGAACGC-1,2
TCACGAAGTGGTCCGT-1,1
TCACGAATCAACCATG-1,1
TCACGAATCAGAAATG-1,2
TCAGATGAGGATGCGT-1,2
TCAGATGCACGGCTAC-1,2
TCAGATGCACTGTCGG-1,1
TCAGATGCATGCCCGA-1,1
TCAGATGTCACCGGGT-1,1
TCAGATGTCCGCTGTT-1,1
TCAGATGTCGCGGATC-1,2
TCAGCAAAGATGGCGT-1,2
TCAGCAAAGGATGCGT-1,2
TCAGCAAAGTGATCGG-1,2
TCAGCAACAAGGACAC-1,2
TCAGCAACAGACAAGC-1,2
TCAGCAAGTTAGATGA-1,2
TCAGCAATCAAGAAGT-1,1
TCAGCAATCCGAGCCA-1,2
TCAGCAATCTAACGGT-1,1
TCAGCAATCTCATTCA-1,2
TCAGCAATCTCGATGA-1,1
TCAGCTCAGGGTGTTG-1,2
TCAGCTCCAGCCACCA-1,2
TCAGCTCGTACAGTGG-1,2
TCAGCTCGTAGTGAAT-1,2
TCAGCTCTCCGCAGTG-1,1
TCAGCTCTCGCACTCT-1,2
TCAGCTCTCTCCGGTT-1,2
TCAGCTCTCTTGCATT-1,2
TCAGGATAGCACAGGT-1,1
TCAGGATAGTGGGATC-1,1
TCAGGATCACGACGAA-1,1
TCAGGATCAGTCCTTC-1,1
TCAGGATCATACTACG-1,1
TCAGGATGTCAGATAA-1,1
TCAGGATGTTCCAACA-1,1
TCAGGATTCACGCGGT-1,1
TCAGGATTCCACGTGG-1,1
TCAGGATTCCCAACGG-1,2
TCAGGATTCCTTGACC-1,1
TCAGGTAAGATAGGAG-1,4
TCAGGTAAGGAATTAC-1,1
TCAGGTAAGGATGGAA-1,2
TCAGGTAAGTGAATTG-1,2
TCAGGTACAACCGCCA-1,1
TCAGGTACACAAGCCC-1,1
TCAGGTACAGTCGATT-1,1
TCAGGTAGTCAAAGCG-1,2
TCAGGTAGTCATATGC-1,3
TCAGGTAGTGGTACAG-1,2
TCAGGTAGTGTGGTTT-1,2
TCAGGTAGTTTGGGCC-1,2
TCAGGTATCGAGCCCA-1,2
TCAGGTATCGCTTAGA-1,2
TCAGGTATCTGGTATG-1,1
TCATTACAGGGTTTCT-1,3
TCATTACCAAGCGAGT-1,2
TCATTACTCCTATTCA-1,3
TCATTACTCTGTTTGT-1,1
TCATTTGAGTCTCGGC-1,1
TCATTTGCACATTTCT-1,1
TCATTTGCATATGAGA-1,2
TCATTTGCATCCAACA-1,1
TCATTTGGTAAGGGCT-1,1
TCATTTGGTACGCACC-1,1
TCATTTGGTCCTCTTG-1,1
TCATTTGGTCGCGTGT-1,2
TCATTTGTCAACGGCC-1,1
TCATTTGTCACCACCT-1,2
TCATTTGTCTGGAGCC-1,1
TCATTTGTCTGGCGTG-1,2
TCCACACAGATGTAAC-1,4
TCCACACCAAGCGAGT-1,2
TCCACACCAGCCTTGG-1,3
TCCACACCATGGATGG-1,1
TCCACACGTCGCGTGT-1,4
TCCACACGTTAAGAAC-1,1
TCCACACTCGAGAGCA-1,1
TCCCGATAGTGTACTC-1,1
TCCCGATCAAGTCTAC-1,2
TCCCGATCACAGGCCT-1,2
TCCCGATCACGGATAG-1,3
TCCCGATCAGGATTGG-1,1
TCCCGATGTAGGGTAC-1,1
TCCCGATTCATGCATG-1,1
TCCCGATTCCCTCTTT-1,1
TCCCGATTCCGAAGAG-1,1
TCCCGATTCGAATGGG-1,1
TCCCGATTCGGTCCGA-1,2
TCCCGATTCTTAACCT-1,1
TCGAGGCAGGAATTAC-1,1
TCGAGGCAGGCTCAGA-1,1
TCGAGGCCACAAGTAA-1,3
TCGAGGCCAGTATCTG-1,1
TCGAGGCCATGTTCCC-1,1
TCGAGGCGTGTCAATC-1,2
TCGAGGCTCGAACTGT-1,1
TCGCGAGAGGCAGGTT-1,2
TCGCGAGAGGGAACGG-1,2
TCGCGAGCAATCCGAT-1,1
TCGCGAGCAATGCCAT-1,1
TCGCGAGGTGCGGTAA-1,2
TCGCGTTAGATCTGCT-1,1
TCGCGTTAGCGCTCCA-1,1
TCGCGTTAGTCGCCGT-1,3
TCGCGTTCAGCCAATT-1,2
TCGCGTTCAGCCACCA-1,1
TCGCGTTGTGACAAAT-1,2
TCGCGTTGTTCCGGCA-1,1
TCGCGTTTCTCCTATA-1,1
TCGGGACAGAAGAAGC-1,1
TCGGGACAGTGTCCCG-1,1
TCGGGACAGTTCCACA-1,1
TCGGGACGTTTGTTTC-1,4
TCGGGACTCCACGCAG-1,2
TCGGGACTCGGAAACG-1,1
TCGGTAAAGACAGGCT-1,1
TCGGTAAAGCGTAATA-1,1
TCGGTAACAAACTGCT-1,1
TCGGTAAGTAAGAGAG-1,1
TCGGTAAGTAATCGTC-1,2
TCGGTAATCAGCCTAA-1,1
TCGGTAATCCAAGTAC-1,2
TCGGTAATCCTCTAGC-1,1
TCGGTAATCTCTGAGA-1,1
TCGTACCCAAACTGCT-1,1
TCGTACCCAGATCTGT-1,1
TCGTACCTCCGAAGAG-1,2
TCGTACCTCGCTGATA-1,1
TCGTACCTCTTTACAC-1,1
TCGTAGAAGAGCTGCA-1,1
TCGTAGAAGTCGAGTG-1,3
TCGTAGACAAGTCTGT-1,2
TCGTAGACAGCCTGTG-1,1
TCGTAGACATGTAAGA-1,1
TCGTAGATCGGATGTT-1,1
TCGTAGATCTACCTGC-1,1
TCGTAGATCTGGTATG-1,2
TCTATTGCAGACGTAG-1,1
TCTATTGCATTATCTC-1,1
TCTATTGGTCCAGTTA-1,1
TCTATTGGTGAAGGCT-1,2
TCTCATAAGATGCGAC-1,1
TCTCATAAGTCAAGCG-1,2
TCTCATAGTAGAGGAA-1,2
TCTCATAGTCAGAAGC-1,1
TCTCATAGTCCTGCTT-1,2
TCTCATAGTGACGCCT-1,2
TCTCATAGTGATGCCC-1,1
TCTCATATCGCGTTTC-1,3
TCTCTAAAGGGCATGT-1,1
TCTCTAAAGTCGTACT-1,1
TCTCTAACAAGCGATG-1,2
TCTCTAACACCCTATC-1,2
TCTCTAACACGGTGTC-1,2
TCTCTAACAGGACCCT-1,2
TCTCTAACAGTAACGG-1,1
TCTCTAACATGACGGA-1,3
TCTCTAAGTAGAGCTG-1,1
TCTCTAAGTCAGAAGC-1,2
TCTCTAATCAACTCTT-1,1
TCTCTAATCAAGCCTA-1,1
TCTCTAATCTACTTAC-1,2
TCTGAGAAGAAGGCCT-1,2
TCTGAGAAGCGAAGGG-1,1
TCTGAGAAGTTTAGGA-1,1
TCTGAGACAAGCTGTT-1,2
TCTGAGACAAGTACCT-1,1
TCTGAGACATAAGACA-1,1
TCTGAGAGTCATTAGC-1,1
TCTGAGATCGTCTGAA-1,1
TCTGAGATCTTGCAAG-1,3
TCTGGAAAGCCCTAAT-1,2
TCTGGAAAGGTAGCCA-1,1
TCTGGAACAATGGAGC-1,2
TCTGGAACACATCCGG-1,1
TCTGGAACATCACCCT-1,2
TCTGGAATCAAAGACA-1,2
TCTGGAATCACCCTCA-1,2
TCTGGAATCAGTGCAT-1,2
TCTGGAATCGCCCTTA-1,1
TCTTCGGAGTAGCGGT-1,1
TCTTCGGCAATGGATA-1,1
TCTTCGGCAGGTCCAC-1,2
TCTTCGGGTGAGGGAG-1,1
TCTTCGGGTTAAAGTG-1,1
TCTTCGGTCCTTGCCA-1,1
TCTTCGGTCGCGCCAA-1,3
TCTTCGGTCTCGATGA-1,1
TCTTTCCCAATCCAAC-1,1
TCTTTCCCATCGGACC-1,2
TCTTTCCGTCATCGGC-1,2
TCTTTCCTCGGCGGTT-1,2
TGAAAGAAGCGCCTTG-1,2
TGAAAGAAGTAGCCGA-1,1
TGAAAGACAAATTGCC-1,2
TGAAAGACAAGCTGTT-1,2
TGAAAGAGTCTGGTCG-1,2
TGAAAGAGTTACAGAA-1,2
TGAAAGAGTTCAGCGC-1,1
TGAAAGATCCGCATAA-1,2
TGAAAGATCGCGGATC-1,1
TGAAAGATCGCGTTTC-1,2
TGAAAGATCGGAATCT-1,3
TGACAACAGAACTGTA-1,2
TGACAACAGGACAGAA-1,2
TGACAACAGGAGTTGC-1,4
TGACAACAGTCAAGGC-1,1
TGACAACCAAGACACG-1,2
TGACAACCACCCAGTG-1,1
TGACAACCACTAAGTC-1,2
TGACAACCAGTTCATG-1,1
TGACGGCAGTCACGCC-1,2
TGACGGCCAGTGAGTG-1,1
TGACGGCGTCCGAACC-1,2
TGACGGCGTTAAAGAC-1,1
TGACGGCGTTACGTCA-1,1
TGACGGCTCACTGGGC-1,1
TGACGGCTCAGTACGT-1,2
TGACGGCTCCGTCATC-1,1
TGACGGCTCGCTGATA-1,2
TGACTAGAGCCTATGT-1,1
TGACTAGCAACTTGAC-1,2
TGACTAGCAAGCCATT-1,2
TGACTAGCAGCCACCA-1,1
TGACTAGCATTTGCTT-1,1
TGACTAGGTACGAAAT-1,2
TGACTAGGTATTCGTG-1,2
TGACTAGGTCTCTCGT-1,4
TGACTAGTCATTGCCC-1,2
TGACTAGTCCTACAGA-1,1
TGACTAGTCTACTATC-1,1
TGACTTTAGTCATCCA-1,1
TGACTTTCACAGGCCT-1,1
TGACTTTCACTTCGAA-1,2
TGACTTTGTAGGACAC-1,2
TGACTTTGTGCACGAA-1,1
TGACTTTTCCATGCTC-1,4
TGACTTTTCTGCAGTA-1,3
TGAGAGGAGCCCAACC-1,3
TGAGAGGAGGTGTGGT-1,2
TGAGAGGCAATCAGAA-1,1
TGAGAGGCACGAAATA-1,1
TGAGAGGCATACTCTT-1,1
TGAGAGGGTCAAGCGA-1,1
TGAGAGGGTTAAGATG-1,1
TGAGAGGTCACCACCT-1,2
TGAGAGGTCATGTAGC-1,2
TGAGAGGTCTAGCACA-1,1
TGAGAGGTCTCCTATA-1,1
TGAGCATAGAACAATC-1,2
TGAGCATAGTGTCCCG-1,2
TGAGCATCAGCGTTCG-1,2
TGAGCATCATGACATC-1,1
TGAGCATGTCCCTTGT-1,2
TGAGCATGTTCACGGC-1,2
TGAGCATTCTTAGAGC-1,2
TGAGCCGAGGCGTACA-1,2
TGAGCCGCATAGGATA-1,2
TGAGCCGCATCCAACA-1,1
TGAGCCGCATCTACGA-1,2
TGAGCCGGTACGACCC-1,1
TGAGCCGGTAGCGTCC-1,1
TGAGCCGTCAACCATG-1,1
TGAGCCGTCCCTAACC-1,2
TGAGCCGTCTCCAGGG-1,1
TGAGGGAAGCATCATC-1,1
TGAGGGACAATCAGAA-1,2
TGAGGGACAGGGCATA-1,2
TGAGGGAGTCGCGTGT-1,1
TGATTTCAGACAGGCT-1,2
TGATTTCAGATGCGAC-1,2
TGATTTCAGGCGACAT-1,1
TGATTTCAGTCAAGGC-1,2
TGATTTCCAAGCGATG-1,1
TGATTTCCACGAGAGT-1,2
TGATTTCCAGCAGTTT-1,4
TGATTTCGTAAATACG-1,1
TGATTTCGTCCCTACT-1,1
TGATTTCGTCTTGCGG-1,1
TGATTTCGTTCACGGC-1,2
TGATTTCTCAAGGCTT-1,2
TGATTTCTCAGCTTAG-1,2
TGCACCTAGATAGCAT-1,1
TGCACCTCACAAGTAA-1,1
TGCACCTCAGGACCCT-1,1
TGCACCTCATCCGTGG-1,1
TGCACCTGTAAGTAGT-1,1
TGCACCTGTCGATTGT-1,1
TGCACCTGTGTTAAGA-1,2
TGCACCTGTGTTGAGG-1,2
TGCACCTTCAAACCGT-1,2
TGCACCTTCAACGAAA-1,1
TGCACCTTCCGCATCT-1,2
TGCACCTTCGAATGCT-1,1
TGCACCTTCTATCCTA-1,1
TGCCAAAAGAATGTGT-1,3
TGCCAAAAGAGTGACC-1,3
TGCCAAAAGATGTTAG-1,2
TGCCAAAGTAGCGTGA-1,2
TGCCAAAGTGACGGTA-1,2
TGCCAAAGTTGTGGCC-1,2
TGCCAAATCAGGCCCA-1,2
TGCCCATAGAGGTACC-1,2
TGCCCATAGTCACGCC-1,1
TGCCCATCACTATCTT-1,1
TGCCCATCAGACAAGC-1,2
TGCCCATGTGATGTCT-1,1
TGCCCATTCAGCTCGG-1,2
TGCCCATTCCTCATTA-1,1
TGCCCATTCGCAGGCT-1,2
TGCCCTAAGCGTCTAT-1,2
TGCCCTAAGTATCGAA-1,1
TGCCCTAAGTGGTAGC-1,3
TGCCCTACAAACCCAT-1,2
TGCCCTATCAACCAAC-1,1
TGCCCTATCGGCTACG-1,1
TGCCCTATCTGCGGCA-1,1
TGCCCTATCTGTTGAG-1,1
TGCGCAGAGCGGATCA-1,1
TGCGCAGCACCACGTG-1,1
TGCGCAGCAGTACACT-1,1
TGCGCAGGTTAAAGTG-1,3
TGCGCAGTCGCACTCT-1,3
TGCGCAGTCTTTAGTC-1,2
TGCGGGTAGAGTGACC-1,1
TGCGGGTAGGGTCTCC-1,1
TGCGGGTAGTGATCGG-1,2
TGCGGGTAGTTGAGAT-1,2
TGCGGGTCATGACATC-1,1
TGCGGGTGTTGTACAC-1,2
TGCGTGGAGAACTCGG-1,2
TGCGTGGAGACTTGAA-1,1
TGCGTGGAGCTAGGCA-1,2
TGCGTGGGTAGAAGGA-1,3
TGCGTGGGTGAGTGAC-1,1
TGCGTGGGTGCTCTTC-1,2
TGCGTGGTCTCGGACG-1,2
TGCTACCAGACTGGGT-1,1
TGCTACCAGATCCGAG-1,2
TGCTACCAGCCACGCT-1,2
TGCTACCAGCTCCCAG-1,3
TGCTACCAGGAATGGA-1,1
TGCTACCCATCGGAAG-1,5
TGCTACCCATCGGTTA-1,2
TGCTACCGTACGAAAT-1,1
TGCTACCGTCTTCTCG-1,1
TGCTACCTCCTGTACC-1,1
TGCTGCTAGCAGGCTA-1,2
TGCTGCTAGTACGTTC-1,1
TGCTGCTCAGTTCCCT-1,2
TGCTGCTCATATGAGA-1,2
TGCTGCTGTCCCTACT-1,2
TGCTGCTGTGTGGCTC-1,1
TGCTGCTGTTTGGCGC-1,2
TGCTGCTTCATCACCC-1,1
TGCTGCTTCCTCTAGC-1,2
TGGACGCAGGATTCGG-1,2
TGGACGCAGGTGTTAA-1,2
TGGACGCAGTTGAGAT-1,1
TGGACGCCACAACGCC-1,1
TGGACGCGTAATAGCA-1,2
TGGACGCGTCAATGTC-1,1
TGGACGCTCGACCAGC-1,1
TGGACGCTCGTTTGCC-1,1
TGGCCAGAGTGAACGC-1,1
TGGCCAGCACATTTCT-1,1
TGGCCAGCATCGGGTC-1,1
TGGCCAGCATTATCTC-1,1
TGGCCAGTCCCATTAT-1,2
TGGCCAGTCCCTAATT-1,1
TGGCCAGTCTATGTGG-1,2
TGGCCAGTCTCTGTCG-1,1
TGGCGCAAGATCGATA-1,1
TGGCGCAAGATGCCTT-1,1
TGGCGCAAGGCAGTCA-1,1
TGGCGCAAGGGTCGAT-1,2
TGGCGCACAGGGTATG-1,2
TGGCGCATCCCTCAGT-1,1
TGGCGCATCTTACCGC-1,1
TGGCTGGAGATGGCGT-1,1
TGGCTGGAGCTGAACG-1,1
TGGCTGGAGGACCACA-1,2
TGGCTGGAGGACGAAA-1,1
TGGCTGGAGGTGTTAA-1,3
TGGCTGGAGTGGTAGC-1,1
TGGCTGGCAGGATCGA-1,1
TGGCTGGCATTTGCTT-1,1
TGGCTGGGTAGCGTAG-1,2
TGGCTGGGTGACTCAT-1,2
TGGCTGGGTGCCTTGG-1,1
TGGCTGGGTGGGTCAA-1,1
TGGCTGGTCAGGCGAA-1,4
TGGCTGGTCCGCGGTA-1,1
TGGCTGGTCGGCTACG-1,1
TGGGAAGAGCTAGCCC-1,3
TGGGAAGAGTTAAGTG-1,2
TGGGAAGCAAACAACA-1,1
TGGGAAGGTGTTCGAT-1,1
TGGGAAGTCAACGCTA-1,1
TGGGCGTAGATCACGG-1,1
TGGGCGTCAGGGTACA-1,1
TGGGCGTGTAAATGTG-1,2
TGGGCGTGTACAGTTC-1,2
TGGGCGTGTTGATTCG-1,1
TGGGCGTTCGGATGTT-1,1
TGGGCGTTCGGCTTGG-1,1
TGGTTAGAGGATCGCA-1,2
TGGTTAGAGGCAAAGA-1,1
TGGTTAGAGGGCTTCC-1,2
TGGTTAGCACCAGCAC-1,3
TGGTTAGCACCCAGTG-1,1
TGGTTAGCATATGGTC-1,1
TGGTTAGGTACCAGTT-1,1
TGGTTAGGTAGCCTAT-1,1
TGGTTAGTCCCAAGAT-1,1
TGGTTCCAGAACAATC-1,2
TGGTTCCAGCAATATG-1,2
TGGTTCCCACTTAACG-1,1
TGGTTCCCACTTCTGC-1,2
TGGTTCCCATTCCTGC-1,1
TGGTTCCGTCACCTAA-1,1
TGGTTCCGTTGGACCC-1,1
TGGTTCCTCATCTGCC-1,2
TGTATTCAGGCTCTTA-1,1
TGTATTCCACATGTGT-1,1
TGTATTCCACCTGGTG-1,3
TGTATTCCACTAGTAC-1,1
TGTATTCGTAAAGTCA-1,1
TGTATTCGTATGCTTG-1,1
TGTATTCGTCCTAGCG-1,1
TGTATTCTCAACGAAA-1,2
TGTATTCTCGTACGGC-1,2
TGTCCCACAAGCCTAT-1,1
TGTCCCACAATCGGTT-1,1
TGTCCCACACGGCGTT-1,2
TGTCCCAGTGGTTTCA-1,1
TGTCCCAGTTGGTTTG-1,2
TGTCCCAGTTTCCACC-1,1
TGTCCCATCGGTCTAA-1,1
TGTGGTAAGCCAACAG-1,2
TGTGGTAAGCTAAACA-1,2
TGTGGTAAGGAACTGC-1,1
TGTGGTAGTACTCAAC-1,3
TGTGGTATCTTCATGT-1,2
TGTGTTTCAATGAAAC-1,3
TGTGTTTCATCCTTGC-1,1
TGTGTTTGTCGATTGT-1,2
TGTGTTTTCCTGCCAT-1,1
TGTGTTTTCTTGCATT-1,1
TGTTCCGAGATGGCGT-1,1
TGTTCCGCAATCCAAC-1,1
TGTTCCGCACGTCAGC-1,1
TGTTCCGCAGCTGGCT-1,1
TGTTCCGGTCGTCTTC-1,2
TGTTCCGGTCTCTCTG-1,3
TGTTCCGGTGCGGTAA-1,1
TGTTCCGGTGGCTCCA-1,1
TGTTCCGTCAACGCTA-1,1
TGTTCCGTCACCCGAG-1,3
TGTTCCGTCAGCACAT-1,1
TTAACTCAGATCGATA-1,2
TTAACTCAGTAGGCCA-1,4
TTAACTCCAAACTGCT-1,1
TTAACTCCACGCTTTC-1,1
TTAACTCCAGGATTGG-1,1
TTAACTCCAGTGGGAT-1,1
TTAACTCCATAGAAAC-1,1
TTAACTCTCAACACAC-1,1
TTAGGACGTAACGCGA-1,2
TTAGGACTCGCCAGCA-1,1
TTAGGACTCGCTGATA-1,2
TTAGGCAAGGATGGTC-1,2
TTAGGCAAGGCCCTCA-1,1
TTAGGCACAATGCCAT-1,2
TTAGGCACACGTGAGA-1,1
TTAGGCACATCGGACC-1,1
TTAGGCAGTCCAAGTT-1,2
TTAGGCAGTCCTGCTT-1,1
TTAGGCATCGCAAGCC-1,3
TTAGTTCAGCAGACTG-1,2
TTAGTTCAGCGTCAAG-1,1
TTAGTTCAGCTCTCGG-1,1
TTAGTTCAGGCCATAG-1,2
TTAGTTCAGTGAAGAG-1,2
TTAGTTCCAGGTCTCG-1,2
TTAGTTCCATGGTCTA-1,1
TTAGTTCGTGCGGTAA-1,1
TTAGTTCGTTACGACT-1,2
TTAGTTCTCCTCTAGC-1,2
TTAGTTCTCTGCCCTA-1,2
TTAGTTCTCTGGAGCC-1,1
TTATGCTAGACTTTCG-1,2
TTATGCTAGCAGGCTA-1,1
TTATGCTCAGACGCTC-1,2
TTATGCTGTATAATGG-1,2
TTATGCTGTCGAAAGC-1,2
TTATGCTGTTACCAGT-1,2
TTATGCTGTTCTGAAC-1,1
TTATGCTGTTGGTTTG-1,2
TTATGCTTCACTTATC-1,2
TTATGCTTCAGCTCTC-1,3
TTATGCTTCTCCCTGA-1,2
TTCCCAGAGCGAGAAA-1,2
TTCCCAGAGCTAGCCC-1,1
TTCCCAGAGCTATGCT-1,2
TTCCCAGAGTTACGGG-1,1
TTCCCAGGTGCTTCTC-1,1
TTCCCAGGTTCCATGA-1,1
TTCCCAGTCAGTCAGT-1,1
TTCCCAGTCTCGTATT-1,1
TTCGAAGCAATCTACG-1,2
TTCGAAGCACATCCGG-1,3
TTCGAAGTCAGTCAGT-1,2
TTCGAAGTCGTACCGG-1,2
TTCGAAGTCTCAAACG-1,2
TTCGGTCAGAGCCCAA-1,1
TTCGGTCAGCGTGAAC-1,2
TTCGGTCAGTAGCGGT-1,2
TTCGGTCCACCATGTA-1,2
TTCGGTCCATCCTTGC-1,2
TTCGGTCGTATATGAG-1,2
TTCGGTCGTCCCGACA-1,1
TTCGGTCGTGGGTATG-1,3
TTCGGTCGTGTGACGA-1,2
TTCGGTCTCGTTTGCC-1,4
TTCTACAAGAGGGCTT-1,1
TTCTACAAGAGTCGGT-1,3
TTCTACAAGCCGGTAA-1,1
TTCTACAAGCTAACTC-1,1
TTCTACAAGTCCCACG-1,1
TTCTACACAGGTGCCT-1,1
TTCTACAGTAAATACG-1,2
TTCTACAGTAGAGTGC-1,3
TTCTACAGTGAACCTT-1,2
TTCTACAGTTGCGTTA-1,1
TTCTACATCATGTGGT-1,2
TTCTACATCCGAAGAG-1,2
TTCTCAAAGAACTGTA-1,1
TTCTCAAAGCATCATC-1,1
TTCTCAAAGCCCTAAT-1,3
TTCTCAAAGTAAGTAC-1,1
TTCTCAACACGTCTCT-1,2
TTCTCAAGTACTTGAC-1,2
TTCTCAAGTGGTCTCG-1,4
TTCTCAATCTGTCCGT-1,2
TTCTCCTAGATGTCGG-1,1
TTCTCCTAGTGTCCAT-1,2
TTCTCCTCACAGGTTT-1,1
TTCTCCTTCGAATGGG-1,1
TTCTTAGAGCCTTGAT-1,2
TTCTTAGAGGATGGAA-1,2
TTCTTAGCACAGGTTT-1,1
TTCTTAGCAGTGAGTG-1,2
TTCTTAGCATGTCGAT-1,2
TTCTTAGGTGATAAAC-1,2
TTCTTAGGTTATTCTC-1,1
TTCTTAGGTTCGCTAA-1,1
TTCTTAGTCAAGCCTA-1,2
TTCTTAGTCAGTTGAC-1,1
TTCTTAGTCCTTTCGG-1,2
TTCTTAGTCTAACTTC-1,2
TTCTTAGTCTGTCTCG-1,1
TTGAACGAGCGTTTAC-1,1
TTGAACGCAAATACAG-1,2
TTGAACGCATTGCGGC-1,2
TTGAACGGTACCCAAT-1,1
TTGAACGTCCGGCACA-1,2
TTGACTTAGAACAATC-1,3
TTGACTTCAAGAGGCT-1,2
TTGACTTCAAGGTTCT-1,1
TTGACTTCATGAGCGA-1,2
TTGACTTCATTAACCG-1,2
TTGACTTGTCTCTTTA-1,2
TTGACTTGTGGTCCGT-1,2
TTGACTTTCGAATGCT-1,1
TTGACTTTCGCAAACT-1,2
TTGACTTTCGGAGGTA-1,1
TTGCCGTAGTCGATAA-1,1
TTGCCGTAGTCGCCGT-1,2
TTGCCGTCACACATGT-1,1
TTGCCGTCACATCCGG-1,1
TTGCCGTCACCTGGTG-1,2
TTGCCGTCACGAAGCA-1,2
TTGCCGTCAGACGCAA-1,2
TTGCCGTCAGTCCTTC-1,1
TTGCCGTCATGTCGAT-1,1
TTGCCGTCATGTCTCC-1,1
TTGCCGTGTCCGTTAA-1,2
TTGCCGTGTCTGATTG-1,1
TTGCCGTGTGTTTGTG-1,2
TTGCCGTGTTAGATGA-1,2
TTGCCGTTCACTTCAT-1,3
TTGCCGTTCGCGGATC-1,2
TTGCGTCAGCGTAGTG-1,1
TTGCGTCCAATGTTGC-1,1
TTGCGTCCAGGTCGTC-1,1
TTGCGTCCAGTCACTA-1,1
TTGCGTCGTACTCTCC-1,3
TTGCGTCGTCAAACTC-1,2
TTGCGTCGTCACCCAG-1,2
TTGCGTCGTTAAGGGC-1,2
TTGCGTCTCATAGCAC-1,2
TTGCGTCTCATGTGGT-1,1
TTGGAACAGACGCTTT-1,1
TTGGAACAGTATCGAA-1,1
TTGGAACCAGTCACTA-1,1
TTGGAACTCAAAGACA-1,3
TTGGCAAAGGCATGTG-1,1
TTGGCAAAGTAGGCCA-1,2
TTGGCAACAAGTCTGT-1,2
TTGGCAACAGATCGGA-1,2
TTGGCAAGTAAGTAGT-1,1
TTGGCAAGTGACGCCT-1,1
TTGGCAATCAGGCCCA-1,2
TTGGCAATCCCGGATG-1,1
TTGTAGGAGATTACCC-1,1
TTGTAGGAGGTGATTA-1,1
TTGTAGGAGTAGCGGT-1,1
TTGTAGGCATCGGTTA-1,1
TTGTAGGTCGGAAATA-1,1
TTGTAGGTCGGCATCG-1,2
TTGTAGGTCTACTCAT-1,1
TTGTAGGTCTGCGGCA-1,1
TTTACTGAGCGATAGC-1,2
TTTACTGAGGAGCGAG-1,2
TTTACTGAGGAGTACC-1,1
TTTACTGAGGTGCAAC-1,1
TTTACTGCAGTTCATG-1,2
TTTACTGGTCGCTTTC-1,1
TTTACTGGTTCCACGG-1,1
TTTACTGTCTGGTTCC-1,1
TTTATGCAGACGCTTT-1,3
TTTATGCAGATCACGG-1,2
TTTATGCCACGGTAGA-1,1
TTTATGCCAGATCCAT-1,1
TTTATGCGTACGACCC-1,3
TTTATGCGTTCACCTC-1,1
TTTATGCGTTCAGACT-1,2
TTTATGCTCATGCTCC-1,1
TTTATGCTCCACTCCA-1,1
TTTATGCTCCTTAATC-1,1
TTTATGCTCGGTGTCG-1,2
TTTCCTCAGCTGTCTA-1,2
TTTCCTCCAACGATCT-1,1
TTTCCTCCAATACGCT-1,1
TTTCCTCCACCTCGGA-1,1
TTTCCTCCACTCGACG-1,2
TTTCCTCGTCAAACTC-1,1
TTTCCTCGTCCAGTTA-1,1
TTTCCTCTCATTTGGG-1,2
TTTCCTCTCCAAACTG-1,1
TTTCCTCTCTGTCTCG-1,2
TTTGCGCAGCCAACAG-1,1
TTTGCGCCACCTTGTC-1,1
TTTGCGCGTAAATGAC-1,2
TTTGCGCGTACTTGAC-1,1
TTTGCGCTCGTGGTCG-1,2
TTTGGTTAGAGGTTGC-1,1
TTTGGTTAGCATGGCA-1,1
TTTGGTTAGTGCTGCC-1,2
TTTGGTTCAGCTATTG-1,1
TTTGGTTGTGAAAGAG-1,1
TTTGGTTGTGATAAGT-1,1
TTTGGTTTCCGCGTTT-1,2
TTTGGTTTCCGCTGTT-1,2
TTTGGTTTCTAACTCT-1,1
TTTGTCAAGACTAGAT-1,1
TTTGTCAAGAGTCGGT-1,2
TTTGTCAAGCGTGAGT-1,1
TTTGTCACATACGCCG-1,1
TTTGTCACATGACGGA-1,2
TTTGTCACATTGGGCC-1,2
TTTGTCAGTGACAAAT-1,1
TTTGTCAGTGCGATAG-1,2
TTTGTCAGTGTTGAGG-1,3
TTTGTCATCAACCATG-1,1
TTTGTCATCCTGTACC-1,4
TTTGTCATCGACAGCC-1,1
